{
  "authorDailyContributionsMap": {
    "fzdy1914": [
      {
        "insertions": 5,
        "deletions": 5,
        "date": "2019-02-20",
        "commitResults": [
          {
            "hash": "eeaea811e5537dc0e4060bc2ce03705911b62a4e",
            "message": "build.gradle: upgrade TestFX dependency to 4.0.15-alpha",
            "insertions": 1,
            "deletions": 1
          },
          {
            "hash": "0c30f82aba76ace291e85a779cf9a9458dafdde5",
            "message": "build.gradle: update deprecated code in coverage plugin",
            "insertions": 4,
            "deletions": 4
          }
        ]
      },
      {
        "insertions": 2,
        "deletions": 6,
        "date": "2019-02-28",
        "commitResults": [
          {
            "hash": "121b1351793c9429d7749b4ec174969ce581b93d",
            "message": "build.gradle: remove wrapper task",
            "insertions": 0,
            "deletions": 4
          },
          {
            "hash": "ef5a23778b158ebc0b258076cd0cf927d1df8038",
            "message": "Gradle wrapper: upgrade to Gradle 5.2.1",
            "insertions": 1,
            "deletions": 1
          },
          {
            "hash": "f2077188d0c421fc14aeaa50c778409dac051352",
            "message": "build.gradle: upgrade shadow plugin to 4.0.4",
            "insertions": 1,
            "deletions": 1
          }
        ]
      }
    ],
    "sijie123": [
      {
        "insertions": 2,
        "deletions": 2,
        "date": "2019-02-24",
        "commitResults": [
          {
            "hash": "148e301839587b421ff5a1f6d399cd35f4106581",
            "message": "StringUtilTest: rename isUnsignedPositiveInteger() to isNonZeroUnsignedInteger()",
            "insertions": 2,
            "deletions": 2
          }
        ]
      },
      {
        "insertions": 0,
        "deletions": 4,
        "date": "2019-03-13",
        "commitResults": [
          {
            "hash": "7c2e9530db159cb4e69a67ae1a676fc89ab1bdf3",
            "message": "ConfigTest: Remove unused ExpectedException",
            "insertions": 0,
            "deletions": 4
          }
        ]
      },
      {
        "insertions": 2,
        "deletions": 4,
        "date": "2019-03-14",
        "commitResults": [
          {
            "hash": "1cb12c6991a011a70ea48d0f2eae42beafbb810b",
            "message": "StringUtilTest: Remove Hamcrest String matcher",
            "insertions": 2,
            "deletions": 4
          }
        ]
      },
      {
        "insertions": 0,
        "deletions": 4,
        "date": "2019-03-27",
        "commitResults": [
          {
            "hash": "db84a6cc28b6b164b32c2f0b3e2af2624df6f807",
            "message": "UiPartTest: remove unused ExpectedException",
            "insertions": 0,
            "deletions": 4
          }
        ]
      }
    ]
  },
  "authorFinalContributionMap": {
    "fzdy1914": 7,
    "sijie123": 4
  },
  "authorFileFormatContributionMap": {
    "fzdy1914": {
      "java": 0,
      "js": 0,
      "css": 0,
      "adoc": 0,
      "fxml": 0,
      "gradle": 7
    },
    "sijie123": {
      "java": 4,
      "js": 0,
      "css": 0,
      "adoc": 0,
      "fxml": 0,
      "gradle": 0
    }
  },
  "authorContributionVariance": {
    "fzdy1914": 1.3780402,
    "sijie123": 0.6942798
  },
  "authorDisplayNameMap": {
    "fzdy1914": "WANG CHAO",
    "sijie123": "SI JIE"
  }
}
