{
  "authorDailyContributionsMap": {
    "fzdy1914": [
      {
        "insertions": 6,
        "deletions": 10,
        "date": "2019-03-03",
        "commitResults": [
          {
            "hash": "121b1351793c9429d7749b4ec174969ce581b93d",
            "message": "build.gradle: remove wrapper task",
            "insertions": 0,
            "deletions": 4
          },
          {
            "hash": "f2077188d0c421fc14aeaa50c778409dac051352",
            "message": "build.gradle: upgrade shadow plugin to 4.0.4",
            "insertions": 1,
            "deletions": 1
          },
          {
            "hash": "ef5a23778b158ebc0b258076cd0cf927d1df8038",
            "message": "Gradle wrapper: upgrade to Gradle 5.2.1",
            "insertions": 1,
            "deletions": 1
          },
          {
            "hash": "0c30f82aba76ace291e85a779cf9a9458dafdde5",
            "message": "build.gradle: update deprecated code in coverage plugin",
            "insertions": 4,
            "deletions": 4
          }
        ]
      },
      {
        "insertions": 1,
        "deletions": 1,
        "date": "2019-03-04",
        "commitResults": [
          {
            "hash": "eeaea811e5537dc0e4060bc2ce03705911b62a4e",
            "message": "build.gradle: upgrade TestFX dependency to 4.0.15-alpha",
            "insertions": 1,
            "deletions": 1
          }
        ]
      }
    ],
    "sijie123": [
      {
        "insertions": 2,
        "deletions": 2,
        "date": "2019-03-08",
        "commitResults": [
          {
            "hash": "148e301839587b421ff5a1f6d399cd35f4106581",
            "message": "StringUtilTest: rename isUnsignedPositiveInteger() to isNonZeroUnsignedInteger()",
            "insertions": 2,
            "deletions": 2
          }
        ]
      },
      {
        "insertions": 0,
        "deletions": 4,
        "date": "2019-03-14",
        "commitResults": [
          {
            "hash": "7c2e9530db159cb4e69a67ae1a676fc89ab1bdf3",
            "message": "ConfigTest: Remove unused ExpectedException",
            "insertions": 0,
            "deletions": 4
          }
        ]
      },
      {
        "insertions": 2,
        "deletions": 4,
        "date": "2019-03-20",
        "commitResults": [
          {
            "hash": "1cb12c6991a011a70ea48d0f2eae42beafbb810b",
            "message": "StringUtilTest: Remove Hamcrest String matcher",
            "insertions": 2,
            "deletions": 4
          }
        ]
      },
      {
        "insertions": 0,
        "deletions": 4,
        "date": "2019-03-27",
        "commitResults": [
          {
            "hash": "db84a6cc28b6b164b32c2f0b3e2af2624df6f807",
            "message": "UiPartTest: remove unused ExpectedException",
            "insertions": 0,
            "deletions": 4
          }
        ]
      },
      {
        "insertions": 21,
        "deletions": 17,
        "date": "2019-04-21",
        "commitResults": [
          {
            "hash": "a8bb10f2f5037a7d5be17c6a096f5e141f1d02da",
            "message": "TestApp: Move SAVE_LOCATION_FOR_TESTING into AddressBookSystemTest",
            "insertions": 5,
            "deletions": 3
          },
          {
            "hash": "d57f6e38fcc62fb5e016590805aca8f6aec3f6c9",
            "message": "TestApp: Move DEFAULT_PREF_LOCATION_FOR_TESTING into AddressBookSystemTest",
            "insertions": 14,
            "deletions": 9
          },
          {
            "hash": "0250b1914fe12c8fc4f41041c65d24d8a0d1f309",
            "message": "TestApp: Remove unused default constructor",
            "insertions": 0,
            "deletions": 3
          },
          {
            "hash": "e4f1a9db3fd1b25857bfd958e563339bb444d415",
            "message": "TestApp: Change visibility of initialDataSupplier to private",
            "insertions": 1,
            "deletions": 1
          },
          {
            "hash": "af5371549e07621e3330e3e2dee10300f9b32776",
            "message": "TestApp: Remove null supplier for initialDataSupplier",
            "insertions": 1,
            "deletions": 1
          }
        ]
      },
      {
        "insertions": 4,
        "deletions": 4,
        "date": "2019-04-23",
        "commitResults": [
          {
            "hash": "52eb022dced4ed1df1a1e19fc3fd5076b1de8d7b",
            "message": "VersionTest, VersionedAddressBookTest: Use 8-spaces indent for parameter lists",
            "insertions": 4,
            "deletions": 4
          }
        ]
      },
      {
        "insertions": 86,
        "deletions": 91,
        "date": "2019-04-25",
        "commitResults": [
          {
            "hash": "3a50d8f2bba917ffb66e7d884d84421236ef6750",
            "message": "Standardize Assert#assertThrows(...) calls to use static import",
            "insertions": 59,
            "deletions": 63
          },
          {
            "hash": "e4fcd3fe91e51f769cc115b407c7f3d161e783ad",
            "message": "LogicManagerTest: Split assertCommandBehavior into assertCommandSuccess and assertCommandFailure",
            "insertions": 27,
            "deletions": 28
          }
        ]
      },
      {
        "insertions": 112,
        "deletions": 291,
        "date": "2019-04-26",
        "commitResults": [
          {
            "hash": "5cabb37a1ec20e59d2bb94fdfeab69070c2fce51",
            "message": "Thrown exception checking: Migrate to use AssertThrows",
            "insertions": 112,
            "deletions": 291
          }
        ]
      },
      {
        "insertions": 0,
        "deletions": 1,
        "date": "2019-04-30",
        "commitResults": [
          {
            "hash": "4808530af5e2b0a292eafdaf9c4a0b4b1545ff65",
            "message": "build.gradle: Remove TestFX-JUnit dependency",
            "insertions": 0,
            "deletions": 1
          }
        ]
      }
    ]
  },
  "authorFinalContributionMap": {
    "fzdy1914": 7,
    "sijie123": 215
  },
  "authorFileFormatContributionMap": {
    "fzdy1914": {
      "java": 0,
      "js": 0,
      "css": 0,
      "adoc": 0,
      "fxml": 0,
      "gradle": 7
    },
    "sijie123": {
      "java": 215,
      "js": 0,
      "css": 0,
      "adoc": 0,
      "fxml": 0,
      "gradle": 0
    }
  },
  "authorContributionVariance": {
    "fzdy1914": 1.7076486,
    "sijie123": 1275.3369
  },
  "authorDisplayNameMap": {
    "fzdy1914": "WANG CHAO",
    "sijie123": "SI JIE"
  }
}
