[
  {
    "path": "src/components/Blog/Blog.react.js",
    "lines": [
      {
        "lineNumber": 1,
        "author": {
          "gitId": "-"
        },
        "content": "import React, { Component } from \u0027react\u0027;"
      },
      {
        "lineNumber": 2,
        "author": {
          "gitId": "-"
        },
        "content": "import PropTypes from \u0027prop-types\u0027;"
      },
      {
        "lineNumber": 3,
        "author": {
          "gitId": "-"
        },
        "content": "import htmlToText from \u0027html-to-text\u0027;"
      },
      {
        "lineNumber": 4,
        "author": {
          "gitId": "-"
        },
        "content": "import { connect } from \u0027react-redux\u0027;"
      },
      {
        "lineNumber": 5,
        "author": {
          "gitId": "-"
        },
        "content": "import {"
      },
      {
        "lineNumber": 6,
        "author": {
          "gitId": "-"
        },
        "content": "  Card,"
      },
      {
        "lineNumber": 7,
        "author": {
          "gitId": "-"
        },
        "content": "  CardMedia,"
      },
      {
        "lineNumber": 8,
        "author": {
          "gitId": "-"
        },
        "content": "  CardTitle,"
      },
      {
        "lineNumber": 9,
        "author": {
          "gitId": "-"
        },
        "content": "  CardText,"
      },
      {
        "lineNumber": 10,
        "author": {
          "gitId": "-"
        },
        "content": "  CardActions,"
      },
      {
        "lineNumber": 11,
        "author": {
          "gitId": "-"
        },
        "content": "} from \u0027material-ui/Card\u0027;"
      },
      {
        "lineNumber": 12,
        "author": {
          "gitId": "-"
        },
        "content": "import dateFormat from \u0027dateformat\u0027;"
      },
      {
        "lineNumber": 13,
        "author": {
          "gitId": "-"
        },
        "content": "import FloatingActionButton from \u0027material-ui/FloatingActionButton\u0027;"
      },
      {
        "lineNumber": 14,
        "author": {
          "gitId": "-"
        },
        "content": "import { ShareButtons, generateShareIcon } from \u0027react-share\u0027;"
      },
      {
        "lineNumber": 15,
        "author": {
          "gitId": "-"
        },
        "content": "import renderHTML from \u0027react-render-html\u0027;"
      },
      {
        "lineNumber": 16,
        "author": {
          "gitId": "-"
        },
        "content": "import Loading from \u0027react-loading-animation\u0027;"
      },
      {
        "lineNumber": 17,
        "author": {
          "gitId": "-"
        },
        "content": "import Footer from \u0027../Footer/Footer.react\u0027;"
      },
      {
        "lineNumber": 18,
        "author": {
          "gitId": "-"
        },
        "content": "import StaticAppBar from \u0027../StaticAppBar/StaticAppBar.react\u0027;"
      },
      {
        "lineNumber": 19,
        "author": {
          "gitId": "-"
        },
        "content": "import { scrollToTopAnimation } from \u0027../../utils/animateScroll\u0027;"
      },
      {
        "lineNumber": 20,
        "author": {
          "gitId": "-"
        },
        "content": "import { getBlogReponse } from \u0027../../apis\u0027;"
      },
      {
        "lineNumber": 21,
        "author": {
          "gitId": "-"
        },
        "content": "import \u0027./Blog.css\u0027;"
      },
      {
        "lineNumber": 22,
        "author": {
          "gitId": "-"
        },
        "content": "import \u0027font-awesome/css/font-awesome.min.css\u0027;"
      },
      {
        "lineNumber": 23,
        "author": {
          "gitId": "-"
        },
        "content": "import Next from \u0027material-ui/svg-icons/hardware/keyboard-arrow-right\u0027;"
      },
      {
        "lineNumber": 24,
        "author": {
          "gitId": "-"
        },
        "content": "import Previous from \u0027material-ui/svg-icons/hardware/keyboard-arrow-left\u0027;"
      },
      {
        "lineNumber": 25,
        "author": {
          "gitId": "-"
        },
        "content": "import susi from \u0027../../images/susi-logo.svg\u0027;"
      },
      {
        "lineNumber": 26,
        "author": {
          "gitId": "AyushChatto"
        },
        "content": "import ToTopButton from \u0027../Button/ToTopButton.react\u0027;"
      },
      {
        "lineNumber": 27,
        "author": {
          "gitId": "-"
        },
        "content": "const { FacebookShareButton, TwitterShareButton } \u003d ShareButtons;"
      },
      {
        "lineNumber": 28,
        "author": {
          "gitId": "-"
        },
        "content": "const FacebookIcon \u003d generateShareIcon(\u0027facebook\u0027);"
      },
      {
        "lineNumber": 29,
        "author": {
          "gitId": "-"
        },
        "content": "const TwitterIcon \u003d generateShareIcon(\u0027twitter\u0027);"
      },
      {
        "lineNumber": 30,
        "author": {
          "gitId": "-"
        },
        "content": ""
      },
      {
        "lineNumber": 31,
        "author": {
          "gitId": "-"
        },
        "content": "const loadingStyle \u003d {"
      },
      {
        "lineNumber": 32,
        "author": {
          "gitId": "-"
        },
        "content": "  marginTop: \u002720px\u0027,"
      },
      {
        "lineNumber": 33,
        "author": {
          "gitId": "-"
        },
        "content": "  position: \u0027relative\u0027,"
      },
      {
        "lineNumber": 34,
        "author": {
          "gitId": "-"
        },
        "content": "};"
      },
      {
        "lineNumber": 35,
        "author": {
          "gitId": "-"
        },
        "content": "const allCategories \u003d ["
      },
      {
        "lineNumber": 36,
        "author": {
          "gitId": "-"
        },
        "content": "  \u0027FOSSASIA\u0027,"
      },
      {
        "lineNumber": 37,
        "author": {
          "gitId": "-"
        },
        "content": "  \u0027GSoC\u0027,"
      },
      {
        "lineNumber": 38,
        "author": {
          "gitId": "-"
        },
        "content": "  \u0027SUSI.AI\u0027,"
      },
      {
        "lineNumber": 39,
        "author": {
          "gitId": "-"
        },
        "content": "  \u0027Tutorial\u0027,"
      },
      {
        "lineNumber": 40,
        "author": {
          "gitId": "-"
        },
        "content": "  \u0027Android\u0027,"
      },
      {
        "lineNumber": 41,
        "author": {
          "gitId": "-"
        },
        "content": "  \u0027API\u0027,"
      },
      {
        "lineNumber": 42,
        "author": {
          "gitId": "-"
        },
        "content": "  \u0027App generator\u0027,"
      },
      {
        "lineNumber": 43,
        "author": {
          "gitId": "-"
        },
        "content": "  \u0027CodeHeat\u0027,"
      },
      {
        "lineNumber": 44,
        "author": {
          "gitId": "-"
        },
        "content": "  \u0027Community\u0027,"
      },
      {
        "lineNumber": 45,
        "author": {
          "gitId": "-"
        },
        "content": "  \u0027Event\u0027,"
      },
      {
        "lineNumber": 46,
        "author": {
          "gitId": "-"
        },
        "content": "  \u0027Event Management\u0027,"
      },
      {
        "lineNumber": 47,
        "author": {
          "gitId": "-"
        },
        "content": "  \u0027loklak\u0027,"
      },
      {
        "lineNumber": 48,
        "author": {
          "gitId": "-"
        },
        "content": "  \u0027Meilix\u0027,"
      },
      {
        "lineNumber": 49,
        "author": {
          "gitId": "-"
        },
        "content": "  \u0027Open Event\u0027,"
      },
      {
        "lineNumber": 50,
        "author": {
          "gitId": "-"
        },
        "content": "  \u0027Phimpme\u0027,"
      },
      {
        "lineNumber": 51,
        "author": {
          "gitId": "-"
        },
        "content": "  \u0027Pocket Science Lab\u0027,"
      },
      {
        "lineNumber": 52,
        "author": {
          "gitId": "-"
        },
        "content": "  \u0027yaydoc\u0027,"
      },
      {
        "lineNumber": 53,
        "author": {
          "gitId": "-"
        },
        "content": "];"
      },
      {
        "lineNumber": 54,
        "author": {
          "gitId": "-"
        },
        "content": ""
      },
      {
        "lineNumber": 55,
        "author": {
          "gitId": "-"
        },
        "content": "const arrDiff \u003d (a1, a2) \u003d\u003e {"
      },
      {
        "lineNumber": 56,
        "author": {
          "gitId": "-"
        },
        "content": "  let a \u003d [],"
      },
      {
        "lineNumber": 57,
        "author": {
          "gitId": "-"
        },
        "content": "    diff \u003d [];"
      },
      {
        "lineNumber": 58,
        "author": {
          "gitId": "-"
        },
        "content": "  for (let f \u003d 0; f \u003c a1.length; f++) {"
      },
      {
        "lineNumber": 59,
        "author": {
          "gitId": "-"
        },
        "content": "    a[a1[f]] \u003d true;"
      },
      {
        "lineNumber": 60,
        "author": {
          "gitId": "-"
        },
        "content": "  }"
      },
      {
        "lineNumber": 61,
        "author": {
          "gitId": "-"
        },
        "content": "  for (let z \u003d 0; z \u003c a2.length; z++) {"
      },
      {
        "lineNumber": 62,
        "author": {
          "gitId": "-"
        },
        "content": "    if (a[a2[z]]) {"
      },
      {
        "lineNumber": 63,
        "author": {
          "gitId": "-"
        },
        "content": "      delete a[a2[z]];"
      },
      {
        "lineNumber": 64,
        "author": {
          "gitId": "-"
        },
        "content": "    } else {"
      },
      {
        "lineNumber": 65,
        "author": {
          "gitId": "-"
        },
        "content": "      a[a2[z]] \u003d true;"
      },
      {
        "lineNumber": 66,
        "author": {
          "gitId": "-"
        },
        "content": "    }"
      },
      {
        "lineNumber": 67,
        "author": {
          "gitId": "-"
        },
        "content": "  }"
      },
      {
        "lineNumber": 68,
        "author": {
          "gitId": "-"
        },
        "content": "  for (let k in a) {"
      },
      {
        "lineNumber": 69,
        "author": {
          "gitId": "-"
        },
        "content": "    diff.push(k);"
      },
      {
        "lineNumber": 70,
        "author": {
          "gitId": "-"
        },
        "content": "  }"
      },
      {
        "lineNumber": 71,
        "author": {
          "gitId": "-"
        },
        "content": "  return diff;"
      },
      {
        "lineNumber": 72,
        "author": {
          "gitId": "-"
        },
        "content": "};"
      },
      {
        "lineNumber": 73,
        "author": {
          "gitId": "-"
        },
        "content": ""
      },
      {
        "lineNumber": 74,
        "author": {
          "gitId": "-"
        },
        "content": "class Blog extends Component {"
      },
      {
        "lineNumber": 75,
        "author": {
          "gitId": "-"
        },
        "content": "  static propTypes \u003d {"
      },
      {
        "lineNumber": 76,
        "author": {
          "gitId": "-"
        },
        "content": "    history: PropTypes.object,"
      },
      {
        "lineNumber": 77,
        "author": {
          "gitId": "-"
        },
        "content": "    location: PropTypes.object,"
      },
      {
        "lineNumber": 78,
        "author": {
          "gitId": "-"
        },
        "content": "    blogKey: PropTypes.string,"
      },
      {
        "lineNumber": 79,
        "author": {
          "gitId": "-"
        },
        "content": "  };"
      },
      {
        "lineNumber": 80,
        "author": {
          "gitId": "-"
        },
        "content": ""
      },
      {
        "lineNumber": 81,
        "author": {
          "gitId": "-"
        },
        "content": "  constructor(props) {"
      },
      {
        "lineNumber": 82,
        "author": {
          "gitId": "-"
        },
        "content": "    super(props);"
      },
      {
        "lineNumber": 83,
        "author": {
          "gitId": "-"
        },
        "content": "    this.state \u003d {"
      },
      {
        "lineNumber": 84,
        "author": {
          "gitId": "-"
        },
        "content": "      posts: [],"
      },
      {
        "lineNumber": 85,
        "author": {
          "gitId": "-"
        },
        "content": "      postRendered: false,"
      },
      {
        "lineNumber": 86,
        "author": {
          "gitId": "-"
        },
        "content": "      startPage: 0,"
      },
      {
        "lineNumber": 87,
        "author": {
          "gitId": "-"
        },
        "content": "      nextDisplay: \u0027visible\u0027,"
      },
      {
        "lineNumber": 88,
        "author": {
          "gitId": "-"
        },
        "content": "      prevDisplay: \u0027hidden\u0027,"
      },
      {
        "lineNumber": 89,
        "author": {
          "gitId": "-"
        },
        "content": "    };"
      },
      {
        "lineNumber": 90,
        "author": {
          "gitId": "-"
        },
        "content": "  }"
      },
      {
        "lineNumber": 91,
        "author": {
          "gitId": "-"
        },
        "content": ""
      },
      {
        "lineNumber": 92,
        "author": {
          "gitId": "-"
        },
        "content": "  componentDidMount() {"
      },
      {
        "lineNumber": 93,
        "author": {
          "gitId": "-"
        },
        "content": "    const { blogKey } \u003d this.props;"
      },
      {
        "lineNumber": 94,
        "author": {
          "gitId": "-"
        },
        "content": "    document.title \u003d"
      },
      {
        "lineNumber": 95,
        "author": {
          "gitId": "-"
        },
        "content": "      \u0027Blog Posts about Open Source Artificial Intelligence for Personal Assistants, Robots, Help Desks and Chatbots - SUSI.AI\u0027;"
      },
      {
        "lineNumber": 96,
        "author": {
          "gitId": "-"
        },
        "content": "    scrollToTopAnimation();"
      },
      {
        "lineNumber": 97,
        "author": {
          "gitId": "-"
        },
        "content": "    if (blogKey) {"
      },
      {
        "lineNumber": 98,
        "author": {
          "gitId": "-"
        },
        "content": "      this.getPosts(blogKey);"
      },
      {
        "lineNumber": 99,
        "author": {
          "gitId": "-"
        },
        "content": "    }"
      },
      {
        "lineNumber": 100,
        "author": {
          "gitId": "-"
        },
        "content": "  }"
      },
      {
        "lineNumber": 101,
        "author": {
          "gitId": "-"
        },
        "content": ""
      },
      {
        "lineNumber": 102,
        "author": {
          "gitId": "-"
        },
        "content": "  componentWillReceiveProps \u003d props \u003d\u003e {"
      },
      {
        "lineNumber": 103,
        "author": {
          "gitId": "-"
        },
        "content": "    const { blogKey } \u003d props;"
      },
      {
        "lineNumber": 104,
        "author": {
          "gitId": "-"
        },
        "content": "    const { posts } \u003d this.state;"
      },
      {
        "lineNumber": 105,
        "author": {
          "gitId": "-"
        },
        "content": "    if (posts.length \u003d\u003d\u003d 0 \u0026\u0026 blogKey) {"
      },
      {
        "lineNumber": 106,
        "author": {
          "gitId": "-"
        },
        "content": "      this.getPosts(blogKey);"
      },
      {
        "lineNumber": 107,
        "author": {
          "gitId": "-"
        },
        "content": "    }"
      },
      {
        "lineNumber": 108,
        "author": {
          "gitId": "-"
        },
        "content": "  };"
      },
      {
        "lineNumber": 109,
        "author": {
          "gitId": "-"
        },
        "content": ""
      },
      {
        "lineNumber": 110,
        "author": {
          "gitId": "-"
        },
        "content": "  getPosts \u003d blogKey \u003d\u003e {"
      },
      {
        "lineNumber": 111,
        "author": {
          "gitId": "-"
        },
        "content": "    getBlogReponse(blogKey)"
      },
      {
        "lineNumber": 112,
        "author": {
          "gitId": "-"
        },
        "content": "      .then(payload \u003d\u003e {"
      },
      {
        "lineNumber": 113,
        "author": {
          "gitId": "-"
        },
        "content": "        if (payload.status !\u003d\u003d \u0027ok\u0027) {"
      },
      {
        "lineNumber": 114,
        "author": {
          "gitId": "-"
        },
        "content": "          throw payload.message;"
      },
      {
        "lineNumber": 115,
        "author": {
          "gitId": "-"
        },
        "content": "        }"
      },
      {
        "lineNumber": 116,
        "author": {
          "gitId": "-"
        },
        "content": "        this.setState({ posts: payload.items, postRendered: true });"
      },
      {
        "lineNumber": 117,
        "author": {
          "gitId": "-"
        },
        "content": "      })"
      },
      {
        "lineNumber": 118,
        "author": {
          "gitId": "-"
        },
        "content": "      .catch(error \u003d\u003e {"
      },
      {
        "lineNumber": 119,
        "author": {
          "gitId": "-"
        },
        "content": "        console.log(\"Couldn\u0027t fetch blog response\");"
      },
      {
        "lineNumber": 120,
        "author": {
          "gitId": "-"
        },
        "content": "      });"
      },
      {
        "lineNumber": 121,
        "author": {
          "gitId": "-"
        },
        "content": "  };"
      },
      {
        "lineNumber": 122,
        "author": {
          "gitId": "-"
        },
        "content": ""
      },
      {
        "lineNumber": 123,
        "author": {
          "gitId": "-"
        },
        "content": "  scrollStep \u003d () \u003d\u003e {"
      },
      {
        "lineNumber": 124,
        "author": {
          "gitId": "-"
        },
        "content": "    if (window.pageYOffset \u003d\u003d\u003d 0) {"
      },
      {
        "lineNumber": 125,
        "author": {
          "gitId": "-"
        },
        "content": "      clearInterval(this.state.intervalId);"
      },
      {
        "lineNumber": 126,
        "author": {
          "gitId": "-"
        },
        "content": "    }"
      },
      {
        "lineNumber": 127,
        "author": {
          "gitId": "-"
        },
        "content": "    window.scroll(0, window.pageYOffset - 1000);"
      },
      {
        "lineNumber": 128,
        "author": {
          "gitId": "-"
        },
        "content": "  };"
      },
      {
        "lineNumber": 129,
        "author": {
          "gitId": "-"
        },
        "content": "  //  Function to scroll to top of page"
      },
      {
        "lineNumber": 130,
        "author": {
          "gitId": "-"
        },
        "content": "  scrollToTop() {"
      },
      {
        "lineNumber": 131,
        "author": {
          "gitId": "-"
        },
        "content": "    const intervalId \u003d setInterval(this.scrollStep, 16.66);"
      },
      {
        "lineNumber": 132,
        "author": {
          "gitId": "-"
        },
        "content": "    this.setState({ intervalId: intervalId });"
      },
      {
        "lineNumber": 133,
        "author": {
          "gitId": "-"
        },
        "content": "  }"
      },
      {
        "lineNumber": 134,
        "author": {
          "gitId": "-"
        },
        "content": "  // Function to navigate to previous page"
      },
      {
        "lineNumber": 135,
        "author": {
          "gitId": "-"
        },
        "content": "  previousPage \u003d () \u003d\u003e {"
      },
      {
        "lineNumber": 136,
        "author": {
          "gitId": "-"
        },
        "content": "    const current \u003d this.state.startPage;"
      },
      {
        "lineNumber": 137,
        "author": {
          "gitId": "-"
        },
        "content": "    if (current - 10 \u003d\u003d\u003d 0) {"
      },
      {
        "lineNumber": 138,
        "author": {
          "gitId": "-"
        },
        "content": "      this.setState({"
      },
      {
        "lineNumber": 139,
        "author": {
          "gitId": "-"
        },
        "content": "        startPage: current - 10,"
      },
      {
        "lineNumber": 140,
        "author": {
          "gitId": "-"
        },
        "content": "        prevDisplay: \u0027hidden\u0027,"
      },
      {
        "lineNumber": 141,
        "author": {
          "gitId": "-"
        },
        "content": "        nextDisplay: \u0027visible\u0027,"
      },
      {
        "lineNumber": 142,
        "author": {
          "gitId": "-"
        },
        "content": "      });"
      },
      {
        "lineNumber": 143,
        "author": {
          "gitId": "-"
        },
        "content": "    } else {"
      },
      {
        "lineNumber": 144,
        "author": {
          "gitId": "-"
        },
        "content": "      this.setState({"
      },
      {
        "lineNumber": 145,
        "author": {
          "gitId": "-"
        },
        "content": "        startPage: current - 10,"
      },
      {
        "lineNumber": 146,
        "author": {
          "gitId": "-"
        },
        "content": "        prevDisplay: \u0027visible\u0027,"
      },
      {
        "lineNumber": 147,
        "author": {
          "gitId": "-"
        },
        "content": "        nextDisplay: \u0027visible\u0027,"
      },
      {
        "lineNumber": 148,
        "author": {
          "gitId": "-"
        },
        "content": "      });"
      },
      {
        "lineNumber": 149,
        "author": {
          "gitId": "-"
        },
        "content": "    }"
      },
      {
        "lineNumber": 150,
        "author": {
          "gitId": "-"
        },
        "content": "    this.scrollToTop();"
      },
      {
        "lineNumber": 151,
        "author": {
          "gitId": "-"
        },
        "content": "  };"
      },
      {
        "lineNumber": 152,
        "author": {
          "gitId": "-"
        },
        "content": "  // Function to navigate to next page"
      },
      {
        "lineNumber": 153,
        "author": {
          "gitId": "-"
        },
        "content": "  nextPage \u003d () \u003d\u003e {"
      },
      {
        "lineNumber": 154,
        "author": {
          "gitId": "-"
        },
        "content": "    const current \u003d this.state.startPage;"
      },
      {
        "lineNumber": 155,
        "author": {
          "gitId": "-"
        },
        "content": "    const size \u003d this.state.posts.length;"
      },
      {
        "lineNumber": 156,
        "author": {
          "gitId": "-"
        },
        "content": "    if (current + 10 \u003d\u003d\u003d size - 10) {"
      },
      {
        "lineNumber": 157,
        "author": {
          "gitId": "-"
        },
        "content": "      this.setState({"
      },
      {
        "lineNumber": 158,
        "author": {
          "gitId": "-"
        },
        "content": "        startPage: current + 10,"
      },
      {
        "lineNumber": 159,
        "author": {
          "gitId": "-"
        },
        "content": "        nextDisplay: \u0027hidden\u0027,"
      },
      {
        "lineNumber": 160,
        "author": {
          "gitId": "-"
        },
        "content": "        prevDisplay: \u0027visible\u0027,"
      },
      {
        "lineNumber": 161,
        "author": {
          "gitId": "-"
        },
        "content": "      });"
      },
      {
        "lineNumber": 162,
        "author": {
          "gitId": "-"
        },
        "content": "    } else {"
      },
      {
        "lineNumber": 163,
        "author": {
          "gitId": "-"
        },
        "content": "      this.setState({"
      },
      {
        "lineNumber": 164,
        "author": {
          "gitId": "-"
        },
        "content": "        startPage: current + 10,"
      },
      {
        "lineNumber": 165,
        "author": {
          "gitId": "-"
        },
        "content": "        prevDisplay: \u0027visible\u0027,"
      },
      {
        "lineNumber": 166,
        "author": {
          "gitId": "-"
        },
        "content": "        nextDisplay: \u0027visible\u0027,"
      },
      {
        "lineNumber": 167,
        "author": {
          "gitId": "-"
        },
        "content": "      });"
      },
      {
        "lineNumber": 168,
        "author": {
          "gitId": "-"
        },
        "content": "    }"
      },
      {
        "lineNumber": 169,
        "author": {
          "gitId": "-"
        },
        "content": "    this.scrollToTop();"
      },
      {
        "lineNumber": 170,
        "author": {
          "gitId": "-"
        },
        "content": "  };"
      },
      {
        "lineNumber": 171,
        "author": {
          "gitId": "-"
        },
        "content": ""
      },
      {
        "lineNumber": 172,
        "author": {
          "gitId": "-"
        },
        "content": "  render() {"
      },
      {
        "lineNumber": 173,
        "author": {
          "gitId": "-"
        },
        "content": "    const nextStyle \u003d {"
      },
      {
        "lineNumber": 174,
        "author": {
          "gitId": "-"
        },
        "content": "      visibility: this.state.nextDisplay,"
      },
      {
        "lineNumber": 175,
        "author": {
          "gitId": "-"
        },
        "content": "      marginLeft: \u002710px\u0027,"
      },
      {
        "lineNumber": 176,
        "author": {
          "gitId": "-"
        },
        "content": "    };"
      },
      {
        "lineNumber": 177,
        "author": {
          "gitId": "-"
        },
        "content": ""
      },
      {
        "lineNumber": 178,
        "author": {
          "gitId": "-"
        },
        "content": "    const prevStyle \u003d {"
      },
      {
        "lineNumber": 179,
        "author": {
          "gitId": "-"
        },
        "content": "      visibility: this.state.prevDisplay,"
      },
      {
        "lineNumber": 180,
        "author": {
          "gitId": "-"
        },
        "content": "    };"
      },
      {
        "lineNumber": 181,
        "author": {
          "gitId": "-"
        },
        "content": ""
      },
      {
        "lineNumber": 182,
        "author": {
          "gitId": "-"
        },
        "content": "    return ("
      },
      {
        "lineNumber": 183,
        "author": {
          "gitId": "-"
        },
        "content": "      \u003cdiv\u003e"
      },
      {
        "lineNumber": 184,
        "author": {
          "gitId": "-"
        },
        "content": "        \u003cStaticAppBar {...this.props} location\u003d{this.props.location} /\u003e"
      },
      {
        "lineNumber": 185,
        "author": {
          "gitId": "-"
        },
        "content": "        \u003cdiv className\u003d\"head_section\"\u003e"
      },
      {
        "lineNumber": 186,
        "author": {
          "gitId": "-"
        },
        "content": "          \u003cdiv className\u003d\"container\"\u003e"
      },
      {
        "lineNumber": 187,
        "author": {
          "gitId": "-"
        },
        "content": "            \u003cdiv className\u003d\"heading\"\u003e"
      },
      {
        "lineNumber": 188,
        "author": {
          "gitId": "-"
        },
        "content": "              \u003ch1\u003eBlog\u003c/h1\u003e"
      },
      {
        "lineNumber": 189,
        "author": {
          "gitId": "-"
        },
        "content": "              \u003cp\u003eLatest Blog Posts on SUSI.AI\u003c/p\u003e"
      },
      {
        "lineNumber": 190,
        "author": {
          "gitId": "-"
        },
        "content": "            \u003c/div\u003e"
      },
      {
        "lineNumber": 191,
        "author": {
          "gitId": "-"
        },
        "content": "          \u003c/div\u003e"
      },
      {
        "lineNumber": 192,
        "author": {
          "gitId": "-"
        },
        "content": "        \u003c/div\u003e"
      },
      {
        "lineNumber": 193,
        "author": {
          "gitId": "-"
        },
        "content": "        \u003cLoading style\u003d{loadingStyle} isLoading\u003d{!this.state.postRendered} /\u003e"
      },
      {
        "lineNumber": 194,
        "author": {
          "gitId": "-"
        },
        "content": "        {!this.state.postRendered \u0026\u0026 ("
      },
      {
        "lineNumber": 195,
        "author": {
          "gitId": "-"
        },
        "content": "          \u003cdiv\u003e"
      },
      {
        "lineNumber": 196,
        "author": {
          "gitId": "-"
        },
        "content": "            \u003ccenter\u003eFetching Blogs..\u003c/center\u003e"
      },
      {
        "lineNumber": 197,
        "author": {
          "gitId": "-"
        },
        "content": "          \u003c/div\u003e"
      },
      {
        "lineNumber": 198,
        "author": {
          "gitId": "-"
        },
        "content": "        )}"
      },
      {
        "lineNumber": 199,
        "author": {
          "gitId": "-"
        },
        "content": "        {this.state.postRendered \u0026\u0026 ("
      },
      {
        "lineNumber": 200,
        "author": {
          "gitId": "-"
        },
        "content": "          \u003cdiv\u003e"
      },
      {
        "lineNumber": 201,
        "author": {
          "gitId": "-"
        },
        "content": "            \u003cdiv style\u003d{{ width: \u0027100%\u0027 }}\u003e"
      },
      {
        "lineNumber": 202,
        "author": {
          "gitId": "-"
        },
        "content": "              {this.state.posts"
      },
      {
        "lineNumber": 203,
        "author": {
          "gitId": "-"
        },
        "content": "                .slice(this.state.startPage, this.state.startPage + 10)"
      },
      {
        "lineNumber": 204,
        "author": {
          "gitId": "-"
        },
        "content": "                .map((posts, i) \u003d\u003e {"
      },
      {
        "lineNumber": 205,
        "author": {
          "gitId": "-"
        },
        "content": "                  const description \u003d htmlToText"
      },
      {
        "lineNumber": 206,
        "author": {
          "gitId": "-"
        },
        "content": "                    .fromString(posts.description)"
      },
      {
        "lineNumber": 207,
        "author": {
          "gitId": "-"
        },
        "content": "                    .split(\u0027…\u0027);"
      },
      {
        "lineNumber": 208,
        "author": {
          "gitId": "-"
        },
        "content": "                  const content \u003d posts.content;"
      },
      {
        "lineNumber": 209,
        "author": {
          "gitId": "-"
        },
        "content": "                  let category \u003d [];"
      },
      {
        "lineNumber": 210,
        "author": {
          "gitId": "-"
        },
        "content": "                  posts.categories.forEach(cat \u003d\u003e {"
      },
      {
        "lineNumber": 211,
        "author": {
          "gitId": "-"
        },
        "content": "                    let k \u003d 0;"
      },
      {
        "lineNumber": 212,
        "author": {
          "gitId": "-"
        },
        "content": "                    for (k \u003d 0; k \u003c allCategories.length; k++) {"
      },
      {
        "lineNumber": 213,
        "author": {
          "gitId": "-"
        },
        "content": "                      if (cat \u003d\u003d\u003d allCategories[k]) {"
      },
      {
        "lineNumber": 214,
        "author": {
          "gitId": "-"
        },
        "content": "                        category.push(cat);"
      },
      {
        "lineNumber": 215,
        "author": {
          "gitId": "-"
        },
        "content": "                      }"
      },
      {
        "lineNumber": 216,
        "author": {
          "gitId": "-"
        },
        "content": "                    }"
      },
      {
        "lineNumber": 217,
        "author": {
          "gitId": "-"
        },
        "content": "                  });"
      },
      {
        "lineNumber": 218,
        "author": {
          "gitId": "-"
        },
        "content": ""
      },
      {
        "lineNumber": 219,
        "author": {
          "gitId": "-"
        },
        "content": "                  const tags \u003d arrDiff(category, posts.categories);"
      },
      {
        "lineNumber": 220,
        "author": {
          "gitId": "-"
        },
        "content": "                  const fCategory \u003d category.map(cat \u003d\u003e ("
      },
      {
        "lineNumber": 221,
        "author": {
          "gitId": "-"
        },
        "content": "                    \u003cspan key\u003d{cat}\u003e"
      },
      {
        "lineNumber": 222,
        "author": {
          "gitId": "-"
        },
        "content": "                      \u003ca"
      },
      {
        "lineNumber": 223,
        "author": {
          "gitId": "-"
        },
        "content": "                        className\u003d\"tagname\""
      },
      {
        "lineNumber": 224,
        "author": {
          "gitId": "-"
        },
        "content": "                        href\u003d{"
      },
      {
        "lineNumber": 225,
        "author": {
          "gitId": "-"
        },
        "content": "                          \u0027http://blog.fossasia.org/category/\u0027 +"
      },
      {
        "lineNumber": 226,
        "author": {
          "gitId": "-"
        },
        "content": "                          cat.replace(/\\s+/g, \u0027-\u0027).toLowerCase()"
      },
      {
        "lineNumber": 227,
        "author": {
          "gitId": "-"
        },
        "content": "                        }"
      },
      {
        "lineNumber": 228,
        "author": {
          "gitId": "-"
        },
        "content": "                        rel\u003d\"noopener noreferrer\""
      },
      {
        "lineNumber": 229,
        "author": {
          "gitId": "-"
        },
        "content": "                      \u003e"
      },
      {
        "lineNumber": 230,
        "author": {
          "gitId": "-"
        },
        "content": "                        {cat}"
      },
      {
        "lineNumber": 231,
        "author": {
          "gitId": "-"
        },
        "content": "                      \u003c/a\u003e"
      },
      {
        "lineNumber": 232,
        "author": {
          "gitId": "-"
        },
        "content": "                    \u003c/span\u003e"
      },
      {
        "lineNumber": 233,
        "author": {
          "gitId": "-"
        },
        "content": "                  ));"
      },
      {
        "lineNumber": 234,
        "author": {
          "gitId": "-"
        },
        "content": "                  const ftags \u003d tags.map(tag \u003d\u003e ("
      },
      {
        "lineNumber": 235,
        "author": {
          "gitId": "-"
        },
        "content": "                    \u003cspan key\u003d{tag}\u003e"
      },
      {
        "lineNumber": 236,
        "author": {
          "gitId": "-"
        },
        "content": "                      \u003ca"
      },
      {
        "lineNumber": 237,
        "author": {
          "gitId": "-"
        },
        "content": "                        className\u003d\"tagname\""
      },
      {
        "lineNumber": 238,
        "author": {
          "gitId": "-"
        },
        "content": "                        href\u003d{"
      },
      {
        "lineNumber": 239,
        "author": {
          "gitId": "-"
        },
        "content": "                          \u0027http://blog.fossasia.org/tag/\u0027 +"
      },
      {
        "lineNumber": 240,
        "author": {
          "gitId": "-"
        },
        "content": "                          tag.replace(/\\s+/g, \u0027-\u0027).toLowerCase()"
      },
      {
        "lineNumber": 241,
        "author": {
          "gitId": "-"
        },
        "content": "                        }"
      },
      {
        "lineNumber": 242,
        "author": {
          "gitId": "-"
        },
        "content": "                        rel\u003d\"noopener noreferrer\""
      },
      {
        "lineNumber": 243,
        "author": {
          "gitId": "-"
        },
        "content": "                      \u003e"
      },
      {
        "lineNumber": 244,
        "author": {
          "gitId": "-"
        },
        "content": "                        {tag}"
      },
      {
        "lineNumber": 245,
        "author": {
          "gitId": "-"
        },
        "content": "                      \u003c/a\u003e"
      },
      {
        "lineNumber": 246,
        "author": {
          "gitId": "-"
        },
        "content": "                    \u003c/span\u003e"
      },
      {
        "lineNumber": 247,
        "author": {
          "gitId": "-"
        },
        "content": "                  ));"
      },
      {
        "lineNumber": 248,
        "author": {
          "gitId": "-"
        },
        "content": "                  let htmlContent \u003d content.replace(/\u003cimg.*?\u003e/, \u0027\u0027);"
      },
      {
        "lineNumber": 249,
        "author": {
          "gitId": "-"
        },
        "content": "                  htmlContent \u003d renderHTML(htmlContent);"
      },
      {
        "lineNumber": 250,
        "author": {
          "gitId": "-"
        },
        "content": "                  let image \u003d susi;"
      },
      {
        "lineNumber": 251,
        "author": {
          "gitId": "-"
        },
        "content": "                  const regExp \u003d /\\[(.*?)\\]/;"
      },
      {
        "lineNumber": 252,
        "author": {
          "gitId": "-"
        },
        "content": "                  const imageUrl \u003d regExp.exec(description[0]);"
      },
      {
        "lineNumber": 253,
        "author": {
          "gitId": "-"
        },
        "content": "                  if (imageUrl) {"
      },
      {
        "lineNumber": 254,
        "author": {
          "gitId": "-"
        },
        "content": "                    image \u003d imageUrl[1];"
      },
      {
        "lineNumber": 255,
        "author": {
          "gitId": "-"
        },
        "content": "                  }"
      },
      {
        "lineNumber": 256,
        "author": {
          "gitId": "-"
        },
        "content": "                  const date \u003d posts.pubDate.split(\u0027 \u0027);"
      },
      {
        "lineNumber": 257,
        "author": {
          "gitId": "-"
        },
        "content": "                  const d \u003d new Date(date[0]);"
      },
      {
        "lineNumber": 258,
        "author": {
          "gitId": "-"
        },
        "content": "                  return ("
      },
      {
        "lineNumber": 259,
        "author": {
          "gitId": "-"
        },
        "content": "                    \u003cdiv key\u003d{i} className\u003d\"section_blog\"\u003e"
      },
      {
        "lineNumber": 260,
        "author": {
          "gitId": "-"
        },
        "content": "                      \u003cCard style\u003d{{ width: \u0027100%\u0027, padding: \u00270\u0027 }}\u003e"
      },
      {
        "lineNumber": 261,
        "author": {
          "gitId": "-"
        },
        "content": "                        \u003cCardMedia"
      },
      {
        "lineNumber": 262,
        "author": {
          "gitId": "-"
        },
        "content": "                          overlay\u003d{"
      },
      {
        "lineNumber": 263,
        "author": {
          "gitId": "-"
        },
        "content": "                            \u003cCardTitle"
      },
      {
        "lineNumber": 264,
        "author": {
          "gitId": "-"
        },
        "content": "                              className\u003d\"noUnderline\""
      },
      {
        "lineNumber": 265,
        "author": {
          "gitId": "-"
        },
        "content": "                              subtitle\u003d{renderHTML("
      },
      {
        "lineNumber": 266,
        "author": {
          "gitId": "-"
        },
        "content": "                                \u0027\u003ca href\u003d\"\u0027 +"
      },
      {
        "lineNumber": 267,
        "author": {
          "gitId": "-"
        },
        "content": "                                  posts.link +"
      },
      {
        "lineNumber": 268,
        "author": {
          "gitId": "-"
        },
        "content": "                                  \u0027\" \u003ePublished on \u0027 +"
      },
      {
        "lineNumber": 269,
        "author": {
          "gitId": "-"
        },
        "content": "                                  dateFormat(d, \u0027dddd, mmmm dS, yyyy\u0027) +"
      },
      {
        "lineNumber": 270,
        "author": {
          "gitId": "-"
        },
        "content": "                                  \u0027\u003c/a\u003e\u0027,"
      },
      {
        "lineNumber": 271,
        "author": {
          "gitId": "-"
        },
        "content": "                              )}"
      },
      {
        "lineNumber": 272,
        "author": {
          "gitId": "-"
        },
        "content": "                            /\u003e"
      },
      {
        "lineNumber": 273,
        "author": {
          "gitId": "-"
        },
        "content": "                          }"
      },
      {
        "lineNumber": 274,
        "author": {
          "gitId": "-"
        },
        "content": "                        \u003e"
      },
      {
        "lineNumber": 275,
        "author": {
          "gitId": "-"
        },
        "content": "                          \u003cimg"
      },
      {
        "lineNumber": 276,
        "author": {
          "gitId": "-"
        },
        "content": "                            className\u003d\"featured_image\""
      },
      {
        "lineNumber": 277,
        "author": {
          "gitId": "-"
        },
        "content": "                            src\u003d{image}"
      },
      {
        "lineNumber": 278,
        "author": {
          "gitId": "-"
        },
        "content": "                            alt\u003d{posts.title}"
      },
      {
        "lineNumber": 279,
        "author": {
          "gitId": "-"
        },
        "content": "                          /\u003e"
      },
      {
        "lineNumber": 280,
        "author": {
          "gitId": "-"
        },
        "content": "                        \u003c/CardMedia\u003e"
      },
      {
        "lineNumber": 281,
        "author": {
          "gitId": "-"
        },
        "content": "                        \u003cCardTitle"
      },
      {
        "lineNumber": 282,
        "author": {
          "gitId": "-"
        },
        "content": "                          className\u003d\"noUnderline\""
      },
      {
        "lineNumber": 283,
        "author": {
          "gitId": "-"
        },
        "content": "                          title\u003d{posts.title}"
      },
      {
        "lineNumber": 284,
        "author": {
          "gitId": "-"
        },
        "content": "                          subtitle\u003d{renderHTML("
      },
      {
        "lineNumber": 285,
        "author": {
          "gitId": "-"
        },
        "content": "                            \u0027by \u003ca href\u003d\"http://blog.fossasia.org/author/\u0027 +"
      },
      {
        "lineNumber": 286,
        "author": {
          "gitId": "-"
        },
        "content": "                              posts.author +"
      },
      {
        "lineNumber": 287,
        "author": {
          "gitId": "-"
        },
        "content": "                              \u0027\" \u003e\u0027 +"
      },
      {
        "lineNumber": 288,
        "author": {
          "gitId": "-"
        },
        "content": "                              posts.author +"
      },
      {
        "lineNumber": 289,
        "author": {
          "gitId": "-"
        },
        "content": "                              \u0027\u003c/a\u003e\u0027,"
      },
      {
        "lineNumber": 290,
        "author": {
          "gitId": "-"
        },
        "content": "                          )}"
      },
      {
        "lineNumber": 291,
        "author": {
          "gitId": "-"
        },
        "content": "                        /\u003e"
      },
      {
        "lineNumber": 292,
        "author": {
          "gitId": "-"
        },
        "content": "                        \u003cCardText style\u003d{{ fontSize: \u002716px\u0027 }}\u003e"
      },
      {
        "lineNumber": 293,
        "author": {
          "gitId": "-"
        },
        "content": "                          {\u0027 \u0027}"
      },
      {
        "lineNumber": 294,
        "author": {
          "gitId": "-"
        },
        "content": "                          {htmlContent}"
      },
      {
        "lineNumber": 295,
        "author": {
          "gitId": "-"
        },
        "content": "                        \u003c/CardText\u003e"
      },
      {
        "lineNumber": 296,
        "author": {
          "gitId": "-"
        },
        "content": "                        \u003cdiv className\u003d\"social-btns\"\u003e"
      },
      {
        "lineNumber": 297,
        "author": {
          "gitId": "-"
        },
        "content": "                          \u003cTwitterShareButton"
      },
      {
        "lineNumber": 298,
        "author": {
          "gitId": "-"
        },
        "content": "                            url\u003d{posts.guid}"
      },
      {
        "lineNumber": 299,
        "author": {
          "gitId": "-"
        },
        "content": "                            title\u003d{posts.title}"
      },
      {
        "lineNumber": 300,
        "author": {
          "gitId": "-"
        },
        "content": "                            via\u003d\"asksusi\""
      },
      {
        "lineNumber": 301,
        "author": {
          "gitId": "-"
        },
        "content": "                            hashtags\u003d{posts.categories.slice(0, 4)}"
      },
      {
        "lineNumber": 302,
        "author": {
          "gitId": "-"
        },
        "content": "                          \u003e"
      },
      {
        "lineNumber": 303,
        "author": {
          "gitId": "-"
        },
        "content": "                            \u003cTwitterIcon size\u003d{32} round\u003d{true} /\u003e"
      },
      {
        "lineNumber": 304,
        "author": {
          "gitId": "-"
        },
        "content": "                          \u003c/TwitterShareButton\u003e"
      },
      {
        "lineNumber": 305,
        "author": {
          "gitId": "-"
        },
        "content": "                          \u003cFacebookShareButton url\u003d{posts.link}\u003e"
      },
      {
        "lineNumber": 306,
        "author": {
          "gitId": "-"
        },
        "content": "                            \u003cFacebookIcon size\u003d{32} round\u003d{true} /\u003e"
      },
      {
        "lineNumber": 307,
        "author": {
          "gitId": "-"
        },
        "content": "                          \u003c/FacebookShareButton\u003e"
      },
      {
        "lineNumber": 308,
        "author": {
          "gitId": "-"
        },
        "content": "                        \u003c/div\u003e"
      },
      {
        "lineNumber": 309,
        "author": {
          "gitId": "-"
        },
        "content": "                        \u003cCardActions className\u003d\"cardActions\"\u003e"
      },
      {
        "lineNumber": 310,
        "author": {
          "gitId": "-"
        },
        "content": "                          \u003cspan className\u003d\"calendarContainer\"\u003e"
      },
      {
        "lineNumber": 311,
        "author": {
          "gitId": "-"
        },
        "content": "                            \u003ci className\u003d\"fa fa-calendar tagIcon\" /\u003e"
      },
      {
        "lineNumber": 312,
        "author": {
          "gitId": "-"
        },
        "content": "                            {renderHTML("
      },
      {
        "lineNumber": 313,
        "author": {
          "gitId": "-"
        },
        "content": "                              \u0027\u003ca href\u003d\"\u0027 +"
      },
      {
        "lineNumber": 314,
        "author": {
          "gitId": "-"
        },
        "content": "                                posts.link +"
      },
      {
        "lineNumber": 315,
        "author": {
          "gitId": "-"
        },
        "content": "                                \u0027\"\u003e\u0027 +"
      },
      {
        "lineNumber": 316,
        "author": {
          "gitId": "-"
        },
        "content": "                                dateFormat(d, \u0027mmmm dd, yyyy\u0027) +"
      },
      {
        "lineNumber": 317,
        "author": {
          "gitId": "-"
        },
        "content": "                                \u0027\u003c/a\u003e\u0027,"
      },
      {
        "lineNumber": 318,
        "author": {
          "gitId": "-"
        },
        "content": "                            )}"
      },
      {
        "lineNumber": 319,
        "author": {
          "gitId": "-"
        },
        "content": "                          \u003c/span\u003e"
      },
      {
        "lineNumber": 320,
        "author": {
          "gitId": "-"
        },
        "content": "                          \u003cspan className\u003d\"authorsContainer\"\u003e"
      },
      {
        "lineNumber": 321,
        "author": {
          "gitId": "-"
        },
        "content": "                            \u003ci className\u003d\"fa fa-user tagIcon\" /\u003e"
      },
      {
        "lineNumber": 322,
        "author": {
          "gitId": "-"
        },
        "content": "                            \u003ca"
      },
      {
        "lineNumber": 323,
        "author": {
          "gitId": "-"
        },
        "content": "                              rel\u003d\"noopener noreferrer\""
      },
      {
        "lineNumber": 324,
        "author": {
          "gitId": "-"
        },
        "content": "                              href\u003d{"
      },
      {
        "lineNumber": 325,
        "author": {
          "gitId": "-"
        },
        "content": "                                \u0027http://blog.fossasia.org/author/\u0027 +"
      },
      {
        "lineNumber": 326,
        "author": {
          "gitId": "-"
        },
        "content": "                                posts.author"
      },
      {
        "lineNumber": 327,
        "author": {
          "gitId": "-"
        },
        "content": "                              }"
      },
      {
        "lineNumber": 328,
        "author": {
          "gitId": "-"
        },
        "content": "                            \u003e"
      },
      {
        "lineNumber": 329,
        "author": {
          "gitId": "-"
        },
        "content": "                              {posts.author}"
      },
      {
        "lineNumber": 330,
        "author": {
          "gitId": "-"
        },
        "content": "                            \u003c/a\u003e"
      },
      {
        "lineNumber": 331,
        "author": {
          "gitId": "-"
        },
        "content": "                          \u003c/span\u003e"
      },
      {
        "lineNumber": 332,
        "author": {
          "gitId": "-"
        },
        "content": "                          \u003cspan className\u003d\"categoryContainer\"\u003e"
      },
      {
        "lineNumber": 333,
        "author": {
          "gitId": "-"
        },
        "content": "                            \u003ci className\u003d\"fa fa-folder-open-o tagIcon\" /\u003e"
      },
      {
        "lineNumber": 334,
        "author": {
          "gitId": "-"
        },
        "content": "                            {fCategory}"
      },
      {
        "lineNumber": 335,
        "author": {
          "gitId": "-"
        },
        "content": "                          \u003c/span\u003e"
      },
      {
        "lineNumber": 336,
        "author": {
          "gitId": "-"
        },
        "content": "                          \u003cspan className\u003d\"tagsContainer\"\u003e"
      },
      {
        "lineNumber": 337,
        "author": {
          "gitId": "-"
        },
        "content": "                            \u003ci className\u003d\"fa fa-tags tagIcon\" /\u003e"
      },
      {
        "lineNumber": 338,
        "author": {
          "gitId": "-"
        },
        "content": "                            {ftags}"
      },
      {
        "lineNumber": 339,
        "author": {
          "gitId": "-"
        },
        "content": "                          \u003c/span\u003e"
      },
      {
        "lineNumber": 340,
        "author": {
          "gitId": "-"
        },
        "content": "                        \u003c/CardActions\u003e"
      },
      {
        "lineNumber": 341,
        "author": {
          "gitId": "-"
        },
        "content": "                      \u003c/Card\u003e"
      },
      {
        "lineNumber": 342,
        "author": {
          "gitId": "-"
        },
        "content": "                    \u003c/div\u003e"
      },
      {
        "lineNumber": 343,
        "author": {
          "gitId": "-"
        },
        "content": "                  );"
      },
      {
        "lineNumber": 344,
        "author": {
          "gitId": "-"
        },
        "content": "                })}"
      },
      {
        "lineNumber": 345,
        "author": {
          "gitId": "-"
        },
        "content": "            \u003c/div\u003e"
      },
      {
        "lineNumber": 346,
        "author": {
          "gitId": "-"
        },
        "content": "            \u003cdiv className\u003d\"blog_navigation\"\u003e"
      },
      {
        "lineNumber": 347,
        "author": {
          "gitId": "-"
        },
        "content": "              \u003cFloatingActionButton"
      },
      {
        "lineNumber": 348,
        "author": {
          "gitId": "-"
        },
        "content": "                style\u003d{prevStyle}"
      },
      {
        "lineNumber": 349,
        "author": {
          "gitId": "-"
        },
        "content": "                backgroundColor\u003d{\u0027#4285f4\u0027}"
      },
      {
        "lineNumber": 350,
        "author": {
          "gitId": "-"
        },
        "content": "                onClick\u003d{this.previousPage}"
      },
      {
        "lineNumber": 351,
        "author": {
          "gitId": "-"
        },
        "content": "              \u003e"
      },
      {
        "lineNumber": 352,
        "author": {
          "gitId": "-"
        },
        "content": "                \u003cPrevious /\u003e"
      },
      {
        "lineNumber": 353,
        "author": {
          "gitId": "-"
        },
        "content": "              \u003c/FloatingActionButton\u003e"
      },
      {
        "lineNumber": 354,
        "author": {
          "gitId": "-"
        },
        "content": "              \u003cFloatingActionButton"
      },
      {
        "lineNumber": 355,
        "author": {
          "gitId": "-"
        },
        "content": "                style\u003d{nextStyle}"
      },
      {
        "lineNumber": 356,
        "author": {
          "gitId": "-"
        },
        "content": "                backgroundColor\u003d{\u0027#4285f4\u0027}"
      },
      {
        "lineNumber": 357,
        "author": {
          "gitId": "-"
        },
        "content": "                onClick\u003d{this.nextPage}"
      },
      {
        "lineNumber": 358,
        "author": {
          "gitId": "-"
        },
        "content": "              \u003e"
      },
      {
        "lineNumber": 359,
        "author": {
          "gitId": "-"
        },
        "content": "                \u003cNext /\u003e"
      },
      {
        "lineNumber": 360,
        "author": {
          "gitId": "-"
        },
        "content": "              \u003c/FloatingActionButton\u003e"
      },
      {
        "lineNumber": 361,
        "author": {
          "gitId": "-"
        },
        "content": "            \u003c/div\u003e"
      },
      {
        "lineNumber": 362,
        "author": {
          "gitId": "-"
        },
        "content": "            \u003cdiv className\u003d\"post_bottom\" /\u003e"
      },
      {
        "lineNumber": 363,
        "author": {
          "gitId": "-"
        },
        "content": "            \u003cFooter /\u003e"
      },
      {
        "lineNumber": 364,
        "author": {
          "gitId": "-"
        },
        "content": "          \u003c/div\u003e"
      },
      {
        "lineNumber": 365,
        "author": {
          "gitId": "-"
        },
        "content": "        )}"
      },
      {
        "lineNumber": 366,
        "author": {
          "gitId": "AyushChatto"
        },
        "content": "        \u003cToTopButton /\u003e"
      },
      {
        "lineNumber": 367,
        "author": {
          "gitId": "-"
        },
        "content": "      \u003c/div\u003e"
      },
      {
        "lineNumber": 368,
        "author": {
          "gitId": "-"
        },
        "content": "    );"
      },
      {
        "lineNumber": 369,
        "author": {
          "gitId": "-"
        },
        "content": "  }"
      },
      {
        "lineNumber": 370,
        "author": {
          "gitId": "-"
        },
        "content": "}"
      },
      {
        "lineNumber": 371,
        "author": {
          "gitId": "-"
        },
        "content": ""
      },
      {
        "lineNumber": 372,
        "author": {
          "gitId": "-"
        },
        "content": "function mapStateToProps(store) {"
      },
      {
        "lineNumber": 373,
        "author": {
          "gitId": "-"
        },
        "content": "  const { blogKey } \u003d store.app.apiKeys;"
      },
      {
        "lineNumber": 374,
        "author": {
          "gitId": "-"
        },
        "content": "  return {"
      },
      {
        "lineNumber": 375,
        "author": {
          "gitId": "-"
        },
        "content": "    blogKey,"
      },
      {
        "lineNumber": 376,
        "author": {
          "gitId": "-"
        },
        "content": "  };"
      },
      {
        "lineNumber": 377,
        "author": {
          "gitId": "-"
        },
        "content": "}"
      },
      {
        "lineNumber": 378,
        "author": {
          "gitId": "-"
        },
        "content": ""
      },
      {
        "lineNumber": 379,
        "author": {
          "gitId": "-"
        },
        "content": "export default connect("
      },
      {
        "lineNumber": 380,
        "author": {
          "gitId": "-"
        },
        "content": "  mapStateToProps,"
      },
      {
        "lineNumber": 381,
        "author": {
          "gitId": "-"
        },
        "content": "  null,"
      },
      {
        "lineNumber": 382,
        "author": {
          "gitId": "-"
        },
        "content": ")(Blog);"
      }
    ],
    "authorContributionMap": {
      "-": 380,
      "AyushChatto": 2
    }
  },
  {
    "path": "src/components/Button/ToTopButton.react.js",
    "lines": [
      {
        "lineNumber": 1,
        "author": {
          "gitId": "-"
        },
        "content": "import Fab from \u0027@material-ui/core/Fab\u0027;"
      },
      {
        "lineNumber": 2,
        "author": {
          "gitId": "AyushChatto"
        },
        "content": "import { scrollToTopAnimation } from \u0027../../utils/animateScroll\u0027;"
      },
      {
        "lineNumber": 3,
        "author": {
          "gitId": "AyushChatto"
        },
        "content": "import React from \u0027react\u0027;"
      },
      {
        "lineNumber": 4,
        "author": {
          "gitId": "AyushChatto"
        },
        "content": ""
      },
      {
        "lineNumber": 5,
        "author": {
          "gitId": "AyushChatto"
        },
        "content": "const toTopStyle \u003d {"
      },
      {
        "lineNumber": 6,
        "author": {
          "gitId": "AyushChatto"
        },
        "content": "  right: 80,"
      },
      {
        "lineNumber": 7,
        "author": {
          "gitId": "AyushChatto"
        },
        "content": "  bottom: 80,"
      },
      {
        "lineNumber": 8,
        "author": {
          "gitId": "AyushChatto"
        },
        "content": "  position: \u0027fixed\u0027,"
      },
      {
        "lineNumber": 9,
        "author": {
          "gitId": "AyushChatto"
        },
        "content": "  zIndex: \u002711\u0027,"
      },
      {
        "lineNumber": 10,
        "author": {
          "gitId": "AyushChatto"
        },
        "content": "};"
      },
      {
        "lineNumber": 11,
        "author": {
          "gitId": "AyushChatto"
        },
        "content": ""
      },
      {
        "lineNumber": 12,
        "author": {
          "gitId": "AyushChatto"
        },
        "content": "const ToTopButton \u003d () \u003d\u003e {"
      },
      {
        "lineNumber": 13,
        "author": {
          "gitId": "AyushChatto"
        },
        "content": "  return ("
      },
      {
        "lineNumber": 14,
        "author": {
          "gitId": "-"
        },
        "content": "    \u003cFab"
      },
      {
        "lineNumber": 15,
        "author": {
          "gitId": "AyushChatto"
        },
        "content": "      style\u003d{toTopStyle}"
      },
      {
        "lineNumber": 16,
        "author": {
          "gitId": "AyushChatto"
        },
        "content": "      onClick\u003d{() \u003d\u003e {"
      },
      {
        "lineNumber": 17,
        "author": {
          "gitId": "AyushChatto"
        },
        "content": "        scrollToTopAnimation();"
      },
      {
        "lineNumber": 18,
        "author": {
          "gitId": "AyushChatto"
        },
        "content": "      }}"
      },
      {
        "lineNumber": 19,
        "author": {
          "gitId": "-"
        },
        "content": "      color\u003d\"primary\""
      },
      {
        "lineNumber": 20,
        "author": {
          "gitId": "AyushChatto"
        },
        "content": "    \u003e"
      },
      {
        "lineNumber": 21,
        "author": {
          "gitId": "AyushChatto"
        },
        "content": "      \u003cspan className\u003d\"fa fa-chevron-up\" /\u003e"
      },
      {
        "lineNumber": 22,
        "author": {
          "gitId": "-"
        },
        "content": "    \u003c/Fab\u003e"
      },
      {
        "lineNumber": 23,
        "author": {
          "gitId": "AyushChatto"
        },
        "content": "  );"
      },
      {
        "lineNumber": 24,
        "author": {
          "gitId": "AyushChatto"
        },
        "content": "};"
      },
      {
        "lineNumber": 25,
        "author": {
          "gitId": "AyushChatto"
        },
        "content": ""
      },
      {
        "lineNumber": 26,
        "author": {
          "gitId": "AyushChatto"
        },
        "content": "export default ToTopButton;"
      }
    ],
    "authorContributionMap": {
      "-": 4,
      "AyushChatto": 22
    }
  },
  {
    "path": "src/components/Team/Team.react.js",
    "lines": [
      {
        "lineNumber": 1,
        "author": {
          "gitId": "-"
        },
        "content": "import React, { Component } from \u0027react\u0027;"
      },
      {
        "lineNumber": 2,
        "author": {
          "gitId": "-"
        },
        "content": "import PropTypes from \u0027prop-types\u0027;"
      },
      {
        "lineNumber": 3,
        "author": {
          "gitId": "-"
        },
        "content": "import Card from \u0027@material-ui/core/Card\u0027;"
      },
      {
        "lineNumber": 4,
        "author": {
          "gitId": "-"
        },
        "content": "import StaticAppBar from \u0027../StaticAppBar/StaticAppBar.react\u0027;"
      },
      {
        "lineNumber": 5,
        "author": {
          "gitId": "-"
        },
        "content": "import SocialLinkButtons from \u0027./SocialLinkButtons\u0027;"
      },
      {
        "lineNumber": 6,
        "author": {
          "gitId": "-"
        },
        "content": "import Footer from \u0027../Footer/Footer.react\u0027;"
      },
      {
        "lineNumber": 7,
        "author": {
          "gitId": "-"
        },
        "content": "import { scrollToTopAnimation } from \u0027../../utils/animateScroll\u0027;"
      },
      {
        "lineNumber": 8,
        "author": {
          "gitId": "-"
        },
        "content": "import TEAM_MEMBERS from \u0027./constants\u0027;"
      },
      {
        "lineNumber": 9,
        "author": {
          "gitId": "-"
        },
        "content": "import \u0027font-awesome/css/font-awesome.min.css\u0027;"
      },
      {
        "lineNumber": 10,
        "author": {
          "gitId": "-"
        },
        "content": "import \u0027./Team.css\u0027;"
      },
      {
        "lineNumber": 11,
        "author": {
          "gitId": "-"
        },
        "content": "import Typography from \u0027@material-ui/core/Typography\u0027;"
      },
      {
        "lineNumber": 12,
        "author": {
          "gitId": "AyushChatto"
        },
        "content": "import ToTopButton from \u0027../Button/ToTopButton.react\u0027;"
      },
      {
        "lineNumber": 13,
        "author": {
          "gitId": "-"
        },
        "content": ""
      },
      {
        "lineNumber": 14,
        "author": {
          "gitId": "-"
        },
        "content": "export default class Team extends Component {"
      },
      {
        "lineNumber": 15,
        "author": {
          "gitId": "-"
        },
        "content": "  static propTypes \u003d {"
      },
      {
        "lineNumber": 16,
        "author": {
          "gitId": "-"
        },
        "content": "    history: PropTypes.object,"
      },
      {
        "lineNumber": 17,
        "author": {
          "gitId": "-"
        },
        "content": "    location: PropTypes.object,"
      },
      {
        "lineNumber": 18,
        "author": {
          "gitId": "-"
        },
        "content": "  };"
      },
      {
        "lineNumber": 19,
        "author": {
          "gitId": "-"
        },
        "content": ""
      },
      {
        "lineNumber": 20,
        "author": {
          "gitId": "-"
        },
        "content": "  componentDidMount() {"
      },
      {
        "lineNumber": 21,
        "author": {
          "gitId": "-"
        },
        "content": "    //  Scrolling to top of page when component loads"
      },
      {
        "lineNumber": 22,
        "author": {
          "gitId": "-"
        },
        "content": "    scrollToTopAnimation();"
      },
      {
        "lineNumber": 23,
        "author": {
          "gitId": "-"
        },
        "content": "    // Adding title tag to page"
      },
      {
        "lineNumber": 24,
        "author": {
          "gitId": "-"
        },
        "content": "    document.title \u003d"
      },
      {
        "lineNumber": 25,
        "author": {
          "gitId": "-"
        },
        "content": "      \u0027Developer Team of SUSI.AI - Open Source Artificial Intelligence for Personal Assistants, Robots, Help Desks and Chatbots\u0027;"
      },
      {
        "lineNumber": 26,
        "author": {
          "gitId": "-"
        },
        "content": "  }"
      },
      {
        "lineNumber": 27,
        "author": {
          "gitId": "-"
        },
        "content": ""
      },
      {
        "lineNumber": 28,
        "author": {
          "gitId": "-"
        },
        "content": "  createMemberCard \u003d (member, key) \u003d\u003e {"
      },
      {
        "lineNumber": 29,
        "author": {
          "gitId": "-"
        },
        "content": "    return ("
      },
      {
        "lineNumber": 30,
        "author": {
          "gitId": "-"
        },
        "content": "      \u003cCard className\u003d\"team-card\" key\u003d{key}\u003e"
      },
      {
        "lineNumber": 31,
        "author": {
          "gitId": "-"
        },
        "content": "        \u003cdiv className\u003d\"container_div\"\u003e"
      },
      {
        "lineNumber": 32,
        "author": {
          "gitId": "-"
        },
        "content": "          \u003cimg"
      },
      {
        "lineNumber": 33,
        "author": {
          "gitId": "-"
        },
        "content": "            /* eslint no-undef: 0 */"
      },
      {
        "lineNumber": 34,
        "author": {
          "gitId": "-"
        },
        "content": "            src\u003d{require(`../../images/members/${member.avatar}`)}"
      },
      {
        "lineNumber": 35,
        "author": {
          "gitId": "-"
        },
        "content": "            alt\u003d{member.name}"
      },
      {
        "lineNumber": 36,
        "author": {
          "gitId": "-"
        },
        "content": "            className\u003d\"image\""
      },
      {
        "lineNumber": 37,
        "author": {
          "gitId": "-"
        },
        "content": "          /\u003e"
      },
      {
        "lineNumber": 38,
        "author": {
          "gitId": "-"
        },
        "content": "          \u003cdiv className\u003d\"overlay\"\u003e"
      },
      {
        "lineNumber": 39,
        "author": {
          "gitId": "-"
        },
        "content": "            \u003cdiv className\u003d\"text\"\u003e"
      },
      {
        "lineNumber": 40,
        "author": {
          "gitId": "-"
        },
        "content": "              \u003cSocialLinkButtons member\u003d{member} /\u003e"
      },
      {
        "lineNumber": 41,
        "author": {
          "gitId": "-"
        },
        "content": "            \u003c/div\u003e"
      },
      {
        "lineNumber": 42,
        "author": {
          "gitId": "-"
        },
        "content": "          \u003c/div\u003e"
      },
      {
        "lineNumber": 43,
        "author": {
          "gitId": "-"
        },
        "content": "        \u003c/div\u003e"
      },
      {
        "lineNumber": 44,
        "author": {
          "gitId": "-"
        },
        "content": "        \u003cdiv style\u003d{{ padding: \u00271rem\u0027 }}\u003e"
      },
      {
        "lineNumber": 45,
        "author": {
          "gitId": "-"
        },
        "content": "          \u003cTypography variant\u003d\"h5\" gutterBottom\u003e"
      },
      {
        "lineNumber": 46,
        "author": {
          "gitId": "-"
        },
        "content": "            {member.name}"
      },
      {
        "lineNumber": 47,
        "author": {
          "gitId": "-"
        },
        "content": "          \u003c/Typography\u003e"
      },
      {
        "lineNumber": 48,
        "author": {
          "gitId": "-"
        },
        "content": "          \u003cTypography variant\u003d\"subtitle1\"\u003e{member.designation}\u003c/Typography\u003e"
      },
      {
        "lineNumber": 49,
        "author": {
          "gitId": "-"
        },
        "content": "        \u003c/div\u003e"
      },
      {
        "lineNumber": 50,
        "author": {
          "gitId": "-"
        },
        "content": "      \u003c/Card\u003e"
      },
      {
        "lineNumber": 51,
        "author": {
          "gitId": "-"
        },
        "content": "    );"
      },
      {
        "lineNumber": 52,
        "author": {
          "gitId": "-"
        },
        "content": "  };"
      },
      {
        "lineNumber": 53,
        "author": {
          "gitId": "-"
        },
        "content": ""
      },
      {
        "lineNumber": 54,
        "author": {
          "gitId": "-"
        },
        "content": "  render() {"
      },
      {
        "lineNumber": 55,
        "author": {
          "gitId": "-"
        },
        "content": "    document.body.style.setProperty(\u0027background-image\u0027, \u0027none\u0027);"
      },
      {
        "lineNumber": 56,
        "author": {
          "gitId": "-"
        },
        "content": "    const mentors \u003d TEAM_MEMBERS.MENTORS.map((mentor, i) \u003d\u003e {"
      },
      {
        "lineNumber": 57,
        "author": {
          "gitId": "-"
        },
        "content": "      return this.createMemberCard(mentor, i);"
      },
      {
        "lineNumber": 58,
        "author": {
          "gitId": "-"
        },
        "content": "    });"
      },
      {
        "lineNumber": 59,
        "author": {
          "gitId": "-"
        },
        "content": "    const managers \u003d TEAM_MEMBERS.MANAGERS.map((manager, i) \u003d\u003e {"
      },
      {
        "lineNumber": 60,
        "author": {
          "gitId": "-"
        },
        "content": "      return this.createMemberCard(manager, i);"
      },
      {
        "lineNumber": 61,
        "author": {
          "gitId": "-"
        },
        "content": "    });"
      },
      {
        "lineNumber": 62,
        "author": {
          "gitId": "-"
        },
        "content": "    const developers \u003d TEAM_MEMBERS.DEVELOPERS.map((developer, i) \u003d\u003e {"
      },
      {
        "lineNumber": 63,
        "author": {
          "gitId": "-"
        },
        "content": "      return this.createMemberCard(developer, i);"
      },
      {
        "lineNumber": 64,
        "author": {
          "gitId": "-"
        },
        "content": "    });"
      },
      {
        "lineNumber": 65,
        "author": {
          "gitId": "-"
        },
        "content": "    const alumnis \u003d TEAM_MEMBERS.ALUMNIS.map((alum, i) \u003d\u003e {"
      },
      {
        "lineNumber": 66,
        "author": {
          "gitId": "-"
        },
        "content": "      return this.createMemberCard(alum, i);"
      },
      {
        "lineNumber": 67,
        "author": {
          "gitId": "-"
        },
        "content": "    });"
      },
      {
        "lineNumber": 68,
        "author": {
          "gitId": "-"
        },
        "content": ""
      },
      {
        "lineNumber": 69,
        "author": {
          "gitId": "-"
        },
        "content": "    return ("
      },
      {
        "lineNumber": 70,
        "author": {
          "gitId": "-"
        },
        "content": "      \u003cdiv\u003e"
      },
      {
        "lineNumber": 71,
        "author": {
          "gitId": "-"
        },
        "content": "        \u003cStaticAppBar {...this.props} location\u003d{this.props.location} /\u003e"
      },
      {
        "lineNumber": 72,
        "author": {
          "gitId": "-"
        },
        "content": "        \u003cdiv className\u003d\"head_section\"\u003e"
      },
      {
        "lineNumber": 73,
        "author": {
          "gitId": "-"
        },
        "content": "          \u003cdiv className\u003d\"container\"\u003e"
      },
      {
        "lineNumber": 74,
        "author": {
          "gitId": "-"
        },
        "content": "            \u003cdiv className\u003d\"heading\"\u003e"
      },
      {
        "lineNumber": 75,
        "author": {
          "gitId": "-"
        },
        "content": "              \u003ch1\u003eTeam\u003c/h1\u003e"
      },
      {
        "lineNumber": 76,
        "author": {
          "gitId": "-"
        },
        "content": "            \u003c/div\u003e"
      },
      {
        "lineNumber": 77,
        "author": {
          "gitId": "-"
        },
        "content": "          \u003c/div\u003e"
      },
      {
        "lineNumber": 78,
        "author": {
          "gitId": "-"
        },
        "content": "        \u003c/div\u003e"
      },
      {
        "lineNumber": 79,
        "author": {
          "gitId": "-"
        },
        "content": "        \u003cdiv className\u003d\"section-team founders\"\u003e"
      },
      {
        "lineNumber": 80,
        "author": {
          "gitId": "-"
        },
        "content": "          \u003cdiv className\u003d\"team-header\"\u003e"
      },
      {
        "lineNumber": 81,
        "author": {
          "gitId": "-"
        },
        "content": "            \u003cdiv className\u003d\"support__heading\"\u003eProject Founders\u003c/div\u003e"
      },
      {
        "lineNumber": 82,
        "author": {
          "gitId": "-"
        },
        "content": "          \u003c/div\u003e"
      },
      {
        "lineNumber": 83,
        "author": {
          "gitId": "-"
        },
        "content": "          \u003cdiv className\u003d\"team-container\"\u003e{mentors}\u003c/div\u003e"
      },
      {
        "lineNumber": 84,
        "author": {
          "gitId": "-"
        },
        "content": "        \u003c/div\u003e"
      },
      {
        "lineNumber": 85,
        "author": {
          "gitId": "-"
        },
        "content": "        \u003cdiv className\u003d\"section-team managers\"\u003e"
      },
      {
        "lineNumber": 86,
        "author": {
          "gitId": "-"
        },
        "content": "          \u003cdiv className\u003d\"team-header \"\u003e"
      },
      {
        "lineNumber": 87,
        "author": {
          "gitId": "-"
        },
        "content": "            \u003cdiv className\u003d\"support__heading\"\u003eProject Managers\u003c/div\u003e"
      },
      {
        "lineNumber": 88,
        "author": {
          "gitId": "-"
        },
        "content": "          \u003c/div\u003e"
      },
      {
        "lineNumber": 89,
        "author": {
          "gitId": "-"
        },
        "content": "          \u003cdiv className\u003d\"team-container\"\u003e{managers}\u003c/div\u003e"
      },
      {
        "lineNumber": 90,
        "author": {
          "gitId": "-"
        },
        "content": "        \u003c/div\u003e"
      },
      {
        "lineNumber": 91,
        "author": {
          "gitId": "-"
        },
        "content": ""
      },
      {
        "lineNumber": 92,
        "author": {
          "gitId": "-"
        },
        "content": "        \u003cdiv className\u003d\"section-team developers\"\u003e"
      },
      {
        "lineNumber": 93,
        "author": {
          "gitId": "-"
        },
        "content": "          \u003cdiv className\u003d\"team-header \"\u003e"
      },
      {
        "lineNumber": 94,
        "author": {
          "gitId": "-"
        },
        "content": "            \u003cdiv className\u003d\"support__heading\"\u003eDevelopers\u003c/div\u003e"
      },
      {
        "lineNumber": 95,
        "author": {
          "gitId": "-"
        },
        "content": "          \u003c/div\u003e"
      },
      {
        "lineNumber": 96,
        "author": {
          "gitId": "-"
        },
        "content": "          \u003cdiv className\u003d\"team-container\"\u003e{developers}\u003c/div\u003e"
      },
      {
        "lineNumber": 97,
        "author": {
          "gitId": "-"
        },
        "content": "        \u003c/div\u003e"
      },
      {
        "lineNumber": 98,
        "author": {
          "gitId": "-"
        },
        "content": ""
      },
      {
        "lineNumber": 99,
        "author": {
          "gitId": "-"
        },
        "content": "        \u003cdiv className\u003d\"section-team developers\"\u003e"
      },
      {
        "lineNumber": 100,
        "author": {
          "gitId": "-"
        },
        "content": "          \u003cdiv className\u003d\"team-header \"\u003e"
      },
      {
        "lineNumber": 101,
        "author": {
          "gitId": "-"
        },
        "content": "            \u003cdiv className\u003d\"support__heading\"\u003eAlumni\u003c/div\u003e"
      },
      {
        "lineNumber": 102,
        "author": {
          "gitId": "-"
        },
        "content": "          \u003c/div\u003e"
      },
      {
        "lineNumber": 103,
        "author": {
          "gitId": "-"
        },
        "content": "          \u003cdiv className\u003d\"team-container\"\u003e{alumnis}\u003c/div\u003e"
      },
      {
        "lineNumber": 104,
        "author": {
          "gitId": "-"
        },
        "content": "        \u003c/div\u003e"
      },
      {
        "lineNumber": 105,
        "author": {
          "gitId": "-"
        },
        "content": ""
      },
      {
        "lineNumber": 106,
        "author": {
          "gitId": "AyushChatto"
        },
        "content": "        \u003cToTopButton /\u003e"
      },
      {
        "lineNumber": 107,
        "author": {
          "gitId": "-"
        },
        "content": "        \u003cFooter /\u003e"
      },
      {
        "lineNumber": 108,
        "author": {
          "gitId": "-"
        },
        "content": "      \u003c/div\u003e"
      },
      {
        "lineNumber": 109,
        "author": {
          "gitId": "-"
        },
        "content": "    );"
      },
      {
        "lineNumber": 110,
        "author": {
          "gitId": "-"
        },
        "content": "  }"
      },
      {
        "lineNumber": 111,
        "author": {
          "gitId": "-"
        },
        "content": "}"
      }
    ],
    "authorContributionMap": {
      "-": 109,
      "AyushChatto": 2
    }
  }
]
