[
  {
    "path": "src/seedu/addressbook/common/Utils.java",
    "lines": [
      {
        "lineNumber": 1,
        "author": {
          "gitId": "-"
        },
        "content": "package seedu.addressbook.common;"
      },
      {
        "lineNumber": 2,
        "author": {
          "gitId": "-"
        },
        "content": ""
      },
      {
        "lineNumber": 3,
        "author": {
          "gitId": "-"
        },
        "content": "import java.util.Collection;"
      },
      {
        "lineNumber": 4,
        "author": {
          "gitId": "-"
        },
        "content": "import java.util.HashSet;"
      },
      {
        "lineNumber": 5,
        "author": {
          "gitId": "-"
        },
        "content": "import java.util.Set;"
      },
      {
        "lineNumber": 6,
        "author": {
          "gitId": "-"
        },
        "content": ""
      },
      {
        "lineNumber": 7,
        "author": {
          "gitId": "-"
        },
        "content": "/**"
      },
      {
        "lineNumber": 8,
        "author": {
          "gitId": "-"
        },
        "content": " * Utility methods"
      },
      {
        "lineNumber": 9,
        "author": {
          "gitId": "-"
        },
        "content": " */"
      },
      {
        "lineNumber": 10,
        "author": {
          "gitId": "-"
        },
        "content": "public class Utils {"
      },
      {
        "lineNumber": 11,
        "author": {
          "gitId": "-"
        },
        "content": ""
      },
      {
        "lineNumber": 12,
        "author": {
          "gitId": "-"
        },
        "content": "    /**"
      },
      {
        "lineNumber": 13,
        "author": {
          "gitId": "-"
        },
        "content": "     * Returns true if any of the given items are null."
      },
      {
        "lineNumber": 14,
        "author": {
          "gitId": "-"
        },
        "content": "     */"
      },
      {
        "lineNumber": 15,
        "author": {
          "gitId": "-"
        },
        "content": "    public static boolean isAnyNull(Object... items) {"
      },
      {
        "lineNumber": 16,
        "author": {
          "gitId": "sijie123"
        },
        "content": "        if (items \u003d\u003d null) {"
      },
      {
        "lineNumber": 17,
        "author": {
          "gitId": "sijie123"
        },
        "content": "            return false;"
      },
      {
        "lineNumber": 18,
        "author": {
          "gitId": "sijie123"
        },
        "content": "        }"
      },
      {
        "lineNumber": 19,
        "author": {
          "gitId": "-"
        },
        "content": "        for (Object item : items) {"
      },
      {
        "lineNumber": 20,
        "author": {
          "gitId": "-"
        },
        "content": "            if (item \u003d\u003d null) {"
      },
      {
        "lineNumber": 21,
        "author": {
          "gitId": "-"
        },
        "content": "                return true;"
      },
      {
        "lineNumber": 22,
        "author": {
          "gitId": "-"
        },
        "content": "            }"
      },
      {
        "lineNumber": 23,
        "author": {
          "gitId": "-"
        },
        "content": "        }"
      },
      {
        "lineNumber": 24,
        "author": {
          "gitId": "-"
        },
        "content": "        return false;"
      },
      {
        "lineNumber": 25,
        "author": {
          "gitId": "-"
        },
        "content": "    }"
      },
      {
        "lineNumber": 26,
        "author": {
          "gitId": "-"
        },
        "content": ""
      },
      {
        "lineNumber": 27,
        "author": {
          "gitId": "-"
        },
        "content": "    /**"
      },
      {
        "lineNumber": 28,
        "author": {
          "gitId": "-"
        },
        "content": "     * Returns true if every element the given collection are unique by {@link Object#equals(Object)}."
      },
      {
        "lineNumber": 29,
        "author": {
          "gitId": "-"
        },
        "content": "     */"
      },
      {
        "lineNumber": 30,
        "author": {
          "gitId": "-"
        },
        "content": "    public static boolean elementsAreUnique(Collection\u003c?\u003e items) {"
      },
      {
        "lineNumber": 31,
        "author": {
          "gitId": "-"
        },
        "content": "        final Set\u003cObject\u003e testSet \u003d new HashSet\u003c\u003e();"
      },
      {
        "lineNumber": 32,
        "author": {
          "gitId": "-"
        },
        "content": "        for (Object item : items) {"
      },
      {
        "lineNumber": 33,
        "author": {
          "gitId": "-"
        },
        "content": "            final boolean itemAlreadyExists \u003d !testSet.add(item); // see Set documentation"
      },
      {
        "lineNumber": 34,
        "author": {
          "gitId": "-"
        },
        "content": "            if (itemAlreadyExists) {"
      },
      {
        "lineNumber": 35,
        "author": {
          "gitId": "-"
        },
        "content": "                return false;"
      },
      {
        "lineNumber": 36,
        "author": {
          "gitId": "-"
        },
        "content": "            }"
      },
      {
        "lineNumber": 37,
        "author": {
          "gitId": "-"
        },
        "content": "        }"
      },
      {
        "lineNumber": 38,
        "author": {
          "gitId": "-"
        },
        "content": "        return true;"
      },
      {
        "lineNumber": 39,
        "author": {
          "gitId": "-"
        },
        "content": "    }"
      },
      {
        "lineNumber": 40,
        "author": {
          "gitId": "-"
        },
        "content": "}"
      }
    ],
    "authorContributionMap": {
      "-": 37,
      "sijie123": 3
    }
  },
  {
    "path": "test/java/seedu/addressbook/common/UtilsTest.java",
    "lines": [
      {
        "lineNumber": 1,
        "author": {
          "gitId": "-"
        },
        "content": "package seedu.addressbook.common;"
      },
      {
        "lineNumber": 2,
        "author": {
          "gitId": "-"
        },
        "content": ""
      },
      {
        "lineNumber": 3,
        "author": {
          "gitId": "-"
        },
        "content": "import static org.junit.jupiter.api.Assertions.assertFalse;"
      },
      {
        "lineNumber": 4,
        "author": {
          "gitId": "-"
        },
        "content": "import static org.junit.jupiter.api.Assertions.assertTrue;"
      },
      {
        "lineNumber": 5,
        "author": {
          "gitId": "-"
        },
        "content": ""
      },
      {
        "lineNumber": 6,
        "author": {
          "gitId": "-"
        },
        "content": "import java.util.Arrays;"
      },
      {
        "lineNumber": 7,
        "author": {
          "gitId": "-"
        },
        "content": ""
      },
      {
        "lineNumber": 8,
        "author": {
          "gitId": "-"
        },
        "content": "import org.junit.jupiter.api.Test;"
      },
      {
        "lineNumber": 9,
        "author": {
          "gitId": "-"
        },
        "content": ""
      },
      {
        "lineNumber": 10,
        "author": {
          "gitId": "-"
        },
        "content": "public class UtilsTest {"
      },
      {
        "lineNumber": 11,
        "author": {
          "gitId": "-"
        },
        "content": ""
      },
      {
        "lineNumber": 12,
        "author": {
          "gitId": "-"
        },
        "content": ""
      },
      {
        "lineNumber": 13,
        "author": {
          "gitId": "-"
        },
        "content": "    @Test"
      },
      {
        "lineNumber": 14,
        "author": {
          "gitId": "-"
        },
        "content": "    public void elementsAreUnique() throws Exception {"
      },
      {
        "lineNumber": 15,
        "author": {
          "gitId": "-"
        },
        "content": "        // empty list"
      },
      {
        "lineNumber": 16,
        "author": {
          "gitId": "-"
        },
        "content": "        assertAreUnique();"
      },
      {
        "lineNumber": 17,
        "author": {
          "gitId": "-"
        },
        "content": ""
      },
      {
        "lineNumber": 18,
        "author": {
          "gitId": "-"
        },
        "content": "        // only one object"
      },
      {
        "lineNumber": 19,
        "author": {
          "gitId": "-"
        },
        "content": "        assertAreUnique((Object) null);"
      },
      {
        "lineNumber": 20,
        "author": {
          "gitId": "-"
        },
        "content": "        assertAreUnique(1);"
      },
      {
        "lineNumber": 21,
        "author": {
          "gitId": "-"
        },
        "content": "        assertAreUnique(\"\");"
      },
      {
        "lineNumber": 22,
        "author": {
          "gitId": "-"
        },
        "content": "        assertAreUnique(\"abc\");"
      },
      {
        "lineNumber": 23,
        "author": {
          "gitId": "-"
        },
        "content": ""
      },
      {
        "lineNumber": 24,
        "author": {
          "gitId": "-"
        },
        "content": "        // all objects unique"
      },
      {
        "lineNumber": 25,
        "author": {
          "gitId": "-"
        },
        "content": "        assertAreUnique(\"abc\", \"ab\", \"a\");"
      },
      {
        "lineNumber": 26,
        "author": {
          "gitId": "-"
        },
        "content": "        assertAreUnique(1, 2);"
      },
      {
        "lineNumber": 27,
        "author": {
          "gitId": "-"
        },
        "content": ""
      },
      {
        "lineNumber": 28,
        "author": {
          "gitId": "-"
        },
        "content": "        // some identical objects"
      },
      {
        "lineNumber": 29,
        "author": {
          "gitId": "-"
        },
        "content": "        assertNotUnique(\"abc\", \"abc\");"
      },
      {
        "lineNumber": 30,
        "author": {
          "gitId": "-"
        },
        "content": "        assertNotUnique(\"abc\", \"\", \"abc\", \"ABC\");"
      },
      {
        "lineNumber": 31,
        "author": {
          "gitId": "-"
        },
        "content": "        assertNotUnique(\"\", \"abc\", \"a\", \"abc\");"
      },
      {
        "lineNumber": 32,
        "author": {
          "gitId": "-"
        },
        "content": "        assertNotUnique(1, Integer.valueOf(1));"
      },
      {
        "lineNumber": 33,
        "author": {
          "gitId": "-"
        },
        "content": "        assertNotUnique(null, 1, Integer.valueOf(1));"
      },
      {
        "lineNumber": 34,
        "author": {
          "gitId": "-"
        },
        "content": "        assertNotUnique(null, null);"
      },
      {
        "lineNumber": 35,
        "author": {
          "gitId": "-"
        },
        "content": "        assertNotUnique(null, \"a\", \"b\", null);"
      },
      {
        "lineNumber": 36,
        "author": {
          "gitId": "-"
        },
        "content": "    }"
      },
      {
        "lineNumber": 37,
        "author": {
          "gitId": "-"
        },
        "content": ""
      },
      {
        "lineNumber": 38,
        "author": {
          "gitId": "sijie123"
        },
        "content": "    @Test"
      },
      {
        "lineNumber": 39,
        "author": {
          "gitId": "sijie123"
        },
        "content": "    public void isAnyNull() {"
      },
      {
        "lineNumber": 40,
        "author": {
          "gitId": "sijie123"
        },
        "content": "        // no items"
      },
      {
        "lineNumber": 41,
        "author": {
          "gitId": "sijie123"
        },
        "content": "        assertFalse(Utils.isAnyNull());"
      },
      {
        "lineNumber": 42,
        "author": {
          "gitId": "sijie123"
        },
        "content": ""
      },
      {
        "lineNumber": 43,
        "author": {
          "gitId": "sijie123"
        },
        "content": "        // varargs array that is null (i.e. no array)"
      },
      {
        "lineNumber": 44,
        "author": {
          "gitId": "sijie123"
        },
        "content": "        assertFalse(Utils.isAnyNull((Object[]) null));"
      },
      {
        "lineNumber": 45,
        "author": {
          "gitId": "sijie123"
        },
        "content": ""
      },
      {
        "lineNumber": 46,
        "author": {
          "gitId": "sijie123"
        },
        "content": "        // one item which is null (i.e. an array with one null item)"
      },
      {
        "lineNumber": 47,
        "author": {
          "gitId": "sijie123"
        },
        "content": "        assertTrue(Utils.isAnyNull((Object) null));"
      },
      {
        "lineNumber": 48,
        "author": {
          "gitId": "sijie123"
        },
        "content": ""
      },
      {
        "lineNumber": 49,
        "author": {
          "gitId": "sijie123"
        },
        "content": "        // at least one item, none of which are null"
      },
      {
        "lineNumber": 50,
        "author": {
          "gitId": "sijie123"
        },
        "content": "        assertFalse(Utils.isAnyNull(\"A\"));"
      },
      {
        "lineNumber": 51,
        "author": {
          "gitId": "sijie123"
        },
        "content": "        assertFalse(Utils.isAnyNull(\"A\", \"\"));"
      },
      {
        "lineNumber": 52,
        "author": {
          "gitId": "sijie123"
        },
        "content": "        assertFalse(Utils.isAnyNull(1, 2, \"C\"));"
      },
      {
        "lineNumber": 53,
        "author": {
          "gitId": "sijie123"
        },
        "content": ""
      },
      {
        "lineNumber": 54,
        "author": {
          "gitId": "sijie123"
        },
        "content": "        // at least one item, some of which are null"
      },
      {
        "lineNumber": 55,
        "author": {
          "gitId": "sijie123"
        },
        "content": "        assertTrue(Utils.isAnyNull(null, 1));"
      },
      {
        "lineNumber": 56,
        "author": {
          "gitId": "sijie123"
        },
        "content": "        assertTrue(Utils.isAnyNull(\"A\", null, \"C\"));"
      },
      {
        "lineNumber": 57,
        "author": {
          "gitId": "sijie123"
        },
        "content": "    }"
      },
      {
        "lineNumber": 58,
        "author": {
          "gitId": "sijie123"
        },
        "content": ""
      },
      {
        "lineNumber": 59,
        "author": {
          "gitId": "-"
        },
        "content": "    private void assertAreUnique(Object... objects) {"
      },
      {
        "lineNumber": 60,
        "author": {
          "gitId": "-"
        },
        "content": "        assertTrue(Utils.elementsAreUnique(Arrays.asList(objects)));"
      },
      {
        "lineNumber": 61,
        "author": {
          "gitId": "-"
        },
        "content": "    }"
      },
      {
        "lineNumber": 62,
        "author": {
          "gitId": "-"
        },
        "content": ""
      },
      {
        "lineNumber": 63,
        "author": {
          "gitId": "-"
        },
        "content": "    private void assertNotUnique(Object... objects) {"
      },
      {
        "lineNumber": 64,
        "author": {
          "gitId": "-"
        },
        "content": "        assertFalse(Utils.elementsAreUnique(Arrays.asList(objects)));"
      },
      {
        "lineNumber": 65,
        "author": {
          "gitId": "-"
        },
        "content": "    }"
      },
      {
        "lineNumber": 66,
        "author": {
          "gitId": "-"
        },
        "content": "}"
      }
    ],
    "authorContributionMap": {
      "-": 45,
      "sijie123": 21
    }
  },
  {
    "path": "test/java/seedu/addressbook/parser/ParserTest.java",
    "lines": [
      {
        "lineNumber": 1,
        "author": {
          "gitId": "-"
        },
        "content": "package seedu.addressbook.parser;"
      },
      {
        "lineNumber": 2,
        "author": {
          "gitId": "-"
        },
        "content": ""
      },
      {
        "lineNumber": 3,
        "author": {
          "gitId": "-"
        },
        "content": "import static org.junit.jupiter.api.Assertions.assertEquals;"
      },
      {
        "lineNumber": 4,
        "author": {
          "gitId": "-"
        },
        "content": "import static org.junit.jupiter.api.Assertions.assertTrue;"
      },
      {
        "lineNumber": 5,
        "author": {
          "gitId": "-"
        },
        "content": "import static seedu.addressbook.common.Messages.MESSAGE_INVALID_COMMAND_FORMAT;"
      },
      {
        "lineNumber": 6,
        "author": {
          "gitId": "-"
        },
        "content": "import static seedu.addressbook.common.Messages.MESSAGE_INVALID_PERSON_DISPLAYED_INDEX;"
      },
      {
        "lineNumber": 7,
        "author": {
          "gitId": "-"
        },
        "content": ""
      },
      {
        "lineNumber": 8,
        "author": {
          "gitId": "-"
        },
        "content": "import java.util.Arrays;"
      },
      {
        "lineNumber": 9,
        "author": {
          "gitId": "-"
        },
        "content": "import java.util.HashSet;"
      },
      {
        "lineNumber": 10,
        "author": {
          "gitId": "-"
        },
        "content": "import java.util.Set;"
      },
      {
        "lineNumber": 11,
        "author": {
          "gitId": "-"
        },
        "content": ""
      },
      {
        "lineNumber": 12,
        "author": {
          "gitId": "-"
        },
        "content": "import org.junit.jupiter.api.BeforeEach;"
      },
      {
        "lineNumber": 13,
        "author": {
          "gitId": "-"
        },
        "content": "import org.junit.jupiter.api.Test;"
      },
      {
        "lineNumber": 14,
        "author": {
          "gitId": "-"
        },
        "content": ""
      },
      {
        "lineNumber": 15,
        "author": {
          "gitId": "-"
        },
        "content": "import seedu.addressbook.commands.AddCommand;"
      },
      {
        "lineNumber": 16,
        "author": {
          "gitId": "-"
        },
        "content": "import seedu.addressbook.commands.ClearCommand;"
      },
      {
        "lineNumber": 17,
        "author": {
          "gitId": "-"
        },
        "content": "import seedu.addressbook.commands.Command;"
      },
      {
        "lineNumber": 18,
        "author": {
          "gitId": "-"
        },
        "content": "import seedu.addressbook.commands.DeleteCommand;"
      },
      {
        "lineNumber": 19,
        "author": {
          "gitId": "-"
        },
        "content": "import seedu.addressbook.commands.ExitCommand;"
      },
      {
        "lineNumber": 20,
        "author": {
          "gitId": "-"
        },
        "content": "import seedu.addressbook.commands.FindCommand;"
      },
      {
        "lineNumber": 21,
        "author": {
          "gitId": "-"
        },
        "content": "import seedu.addressbook.commands.HelpCommand;"
      },
      {
        "lineNumber": 22,
        "author": {
          "gitId": "-"
        },
        "content": "import seedu.addressbook.commands.IncorrectCommand;"
      },
      {
        "lineNumber": 23,
        "author": {
          "gitId": "-"
        },
        "content": "import seedu.addressbook.commands.ListCommand;"
      },
      {
        "lineNumber": 24,
        "author": {
          "gitId": "-"
        },
        "content": "import seedu.addressbook.commands.ViewAllCommand;"
      },
      {
        "lineNumber": 25,
        "author": {
          "gitId": "-"
        },
        "content": "import seedu.addressbook.commands.ViewCommand;"
      },
      {
        "lineNumber": 26,
        "author": {
          "gitId": "-"
        },
        "content": "import seedu.addressbook.data.exception.IllegalValueException;"
      },
      {
        "lineNumber": 27,
        "author": {
          "gitId": "-"
        },
        "content": "import seedu.addressbook.data.person.Address;"
      },
      {
        "lineNumber": 28,
        "author": {
          "gitId": "-"
        },
        "content": "import seedu.addressbook.data.person.Email;"
      },
      {
        "lineNumber": 29,
        "author": {
          "gitId": "-"
        },
        "content": "import seedu.addressbook.data.person.Name;"
      },
      {
        "lineNumber": 30,
        "author": {
          "gitId": "-"
        },
        "content": "import seedu.addressbook.data.person.Person;"
      },
      {
        "lineNumber": 31,
        "author": {
          "gitId": "-"
        },
        "content": "import seedu.addressbook.data.person.Phone;"
      },
      {
        "lineNumber": 32,
        "author": {
          "gitId": "-"
        },
        "content": "import seedu.addressbook.data.person.ReadOnlyPerson;"
      },
      {
        "lineNumber": 33,
        "author": {
          "gitId": "-"
        },
        "content": "import seedu.addressbook.data.tag.Tag;"
      },
      {
        "lineNumber": 34,
        "author": {
          "gitId": "-"
        },
        "content": ""
      },
      {
        "lineNumber": 35,
        "author": {
          "gitId": "-"
        },
        "content": "public class ParserTest {"
      },
      {
        "lineNumber": 36,
        "author": {
          "gitId": "-"
        },
        "content": ""
      },
      {
        "lineNumber": 37,
        "author": {
          "gitId": "-"
        },
        "content": "    private Parser parser;"
      },
      {
        "lineNumber": 38,
        "author": {
          "gitId": "-"
        },
        "content": ""
      },
      {
        "lineNumber": 39,
        "author": {
          "gitId": "-"
        },
        "content": "    @BeforeEach"
      },
      {
        "lineNumber": 40,
        "author": {
          "gitId": "-"
        },
        "content": "    public void setUp() {"
      },
      {
        "lineNumber": 41,
        "author": {
          "gitId": "-"
        },
        "content": "        parser \u003d new Parser();"
      },
      {
        "lineNumber": 42,
        "author": {
          "gitId": "-"
        },
        "content": "    }"
      },
      {
        "lineNumber": 43,
        "author": {
          "gitId": "-"
        },
        "content": ""
      },
      {
        "lineNumber": 44,
        "author": {
          "gitId": "-"
        },
        "content": "    /*"
      },
      {
        "lineNumber": 45,
        "author": {
          "gitId": "-"
        },
        "content": "     * Note how the names of the test methods does not follow the normal naming convention."
      },
      {
        "lineNumber": 46,
        "author": {
          "gitId": "-"
        },
        "content": "     * That is because our coding standard allows a different naming convention for test methods."
      },
      {
        "lineNumber": 47,
        "author": {
          "gitId": "-"
        },
        "content": "     */"
      },
      {
        "lineNumber": 48,
        "author": {
          "gitId": "-"
        },
        "content": ""
      },
      {
        "lineNumber": 49,
        "author": {
          "gitId": "-"
        },
        "content": "    @Test"
      },
      {
        "lineNumber": 50,
        "author": {
          "gitId": "-"
        },
        "content": "    public void parse_emptyInput_returnsIncorrect() {"
      },
      {
        "lineNumber": 51,
        "author": {
          "gitId": "-"
        },
        "content": "        final String[] emptyInputs \u003d { \"\", \"  \", \"\\n  \\n\" };"
      },
      {
        "lineNumber": 52,
        "author": {
          "gitId": "-"
        },
        "content": "        final String resultMessage \u003d String.format(MESSAGE_INVALID_COMMAND_FORMAT, HelpCommand.MESSAGE_USAGE);"
      },
      {
        "lineNumber": 53,
        "author": {
          "gitId": "-"
        },
        "content": "        parseAndAssertIncorrectWithMessage(resultMessage, emptyInputs);"
      },
      {
        "lineNumber": 54,
        "author": {
          "gitId": "-"
        },
        "content": "    }"
      },
      {
        "lineNumber": 55,
        "author": {
          "gitId": "-"
        },
        "content": ""
      },
      {
        "lineNumber": 56,
        "author": {
          "gitId": "-"
        },
        "content": "    @Test"
      },
      {
        "lineNumber": 57,
        "author": {
          "gitId": "-"
        },
        "content": "    public void parse_unknownCommandWord_returnsHelp() {"
      },
      {
        "lineNumber": 58,
        "author": {
          "gitId": "-"
        },
        "content": "        final String input \u003d \"unknowncommandword arguments arguments\";"
      },
      {
        "lineNumber": 59,
        "author": {
          "gitId": "-"
        },
        "content": "        parseAndAssertCommandType(input, HelpCommand.class);"
      },
      {
        "lineNumber": 60,
        "author": {
          "gitId": "-"
        },
        "content": "    }"
      },
      {
        "lineNumber": 61,
        "author": {
          "gitId": "-"
        },
        "content": ""
      },
      {
        "lineNumber": 62,
        "author": {
          "gitId": "-"
        },
        "content": "    /*"
      },
      {
        "lineNumber": 63,
        "author": {
          "gitId": "-"
        },
        "content": "     * Tests for 0-argument commands \u003d\u003d\u003d\u003d\u003d\u003d\u003d\u003d\u003d\u003d\u003d\u003d\u003d\u003d\u003d\u003d\u003d\u003d\u003d\u003d\u003d\u003d\u003d\u003d\u003d\u003d\u003d\u003d\u003d\u003d\u003d\u003d\u003d\u003d\u003d\u003d\u003d\u003d\u003d\u003d\u003d\u003d\u003d\u003d\u003d\u003d\u003d\u003d\u003d\u003d\u003d\u003d\u003d\u003d\u003d\u003d\u003d\u003d\u003d\u003d\u003d\u003d\u003d\u003d\u003d\u003d\u003d\u003d\u003d\u003d\u003d"
      },
      {
        "lineNumber": 64,
        "author": {
          "gitId": "-"
        },
        "content": "     */"
      },
      {
        "lineNumber": 65,
        "author": {
          "gitId": "-"
        },
        "content": ""
      },
      {
        "lineNumber": 66,
        "author": {
          "gitId": "-"
        },
        "content": "    @Test"
      },
      {
        "lineNumber": 67,
        "author": {
          "gitId": "-"
        },
        "content": "    public void parse_helpCommand_parsedCorrectly() {"
      },
      {
        "lineNumber": 68,
        "author": {
          "gitId": "-"
        },
        "content": "        final String input \u003d \"help\";"
      },
      {
        "lineNumber": 69,
        "author": {
          "gitId": "-"
        },
        "content": "        parseAndAssertCommandType(input, HelpCommand.class);"
      },
      {
        "lineNumber": 70,
        "author": {
          "gitId": "-"
        },
        "content": "    }"
      },
      {
        "lineNumber": 71,
        "author": {
          "gitId": "-"
        },
        "content": ""
      },
      {
        "lineNumber": 72,
        "author": {
          "gitId": "-"
        },
        "content": "    @Test"
      },
      {
        "lineNumber": 73,
        "author": {
          "gitId": "-"
        },
        "content": "    public void parse_clearCommand_parsedCorrectly() {"
      },
      {
        "lineNumber": 74,
        "author": {
          "gitId": "-"
        },
        "content": "        final String input \u003d \"clear\";"
      },
      {
        "lineNumber": 75,
        "author": {
          "gitId": "-"
        },
        "content": "        parseAndAssertCommandType(input, ClearCommand.class);"
      },
      {
        "lineNumber": 76,
        "author": {
          "gitId": "-"
        },
        "content": "    }"
      },
      {
        "lineNumber": 77,
        "author": {
          "gitId": "-"
        },
        "content": ""
      },
      {
        "lineNumber": 78,
        "author": {
          "gitId": "-"
        },
        "content": "    @Test"
      },
      {
        "lineNumber": 79,
        "author": {
          "gitId": "-"
        },
        "content": "    public void parse_listCommand_parsedCorrectly() {"
      },
      {
        "lineNumber": 80,
        "author": {
          "gitId": "-"
        },
        "content": "        final String input \u003d \"list\";"
      },
      {
        "lineNumber": 81,
        "author": {
          "gitId": "-"
        },
        "content": "        parseAndAssertCommandType(input, ListCommand.class);"
      },
      {
        "lineNumber": 82,
        "author": {
          "gitId": "-"
        },
        "content": "    }"
      },
      {
        "lineNumber": 83,
        "author": {
          "gitId": "-"
        },
        "content": ""
      },
      {
        "lineNumber": 84,
        "author": {
          "gitId": "-"
        },
        "content": "    @Test"
      },
      {
        "lineNumber": 85,
        "author": {
          "gitId": "-"
        },
        "content": "    public void parse_exitCommand_parsedCorrectly() {"
      },
      {
        "lineNumber": 86,
        "author": {
          "gitId": "-"
        },
        "content": "        final String input \u003d \"exit\";"
      },
      {
        "lineNumber": 87,
        "author": {
          "gitId": "-"
        },
        "content": "        parseAndAssertCommandType(input, ExitCommand.class);"
      },
      {
        "lineNumber": 88,
        "author": {
          "gitId": "-"
        },
        "content": "    }"
      },
      {
        "lineNumber": 89,
        "author": {
          "gitId": "-"
        },
        "content": ""
      },
      {
        "lineNumber": 90,
        "author": {
          "gitId": "-"
        },
        "content": "    /*"
      },
      {
        "lineNumber": 91,
        "author": {
          "gitId": "-"
        },
        "content": "     * Tests for single index argument commands \u003d\u003d\u003d\u003d\u003d\u003d\u003d\u003d\u003d\u003d\u003d\u003d\u003d\u003d\u003d\u003d\u003d\u003d\u003d\u003d\u003d\u003d\u003d\u003d\u003d\u003d\u003d\u003d\u003d\u003d\u003d\u003d\u003d\u003d\u003d\u003d\u003d\u003d\u003d\u003d\u003d\u003d\u003d\u003d\u003d\u003d\u003d\u003d\u003d\u003d\u003d\u003d\u003d\u003d\u003d\u003d\u003d\u003d\u003d\u003d\u003d\u003d\u003d"
      },
      {
        "lineNumber": 92,
        "author": {
          "gitId": "-"
        },
        "content": "     */"
      },
      {
        "lineNumber": 93,
        "author": {
          "gitId": "-"
        },
        "content": ""
      },
      {
        "lineNumber": 94,
        "author": {
          "gitId": "-"
        },
        "content": "    @Test"
      },
      {
        "lineNumber": 95,
        "author": {
          "gitId": "-"
        },
        "content": "    public void parse_deleteCommandNoArgs_errorMessage() {"
      },
      {
        "lineNumber": 96,
        "author": {
          "gitId": "-"
        },
        "content": "        final String[] inputs \u003d { \"delete\", \"delete \" };"
      },
      {
        "lineNumber": 97,
        "author": {
          "gitId": "-"
        },
        "content": "        final String resultMessage \u003d String.format(MESSAGE_INVALID_COMMAND_FORMAT, DeleteCommand.MESSAGE_USAGE);"
      },
      {
        "lineNumber": 98,
        "author": {
          "gitId": "-"
        },
        "content": "        parseAndAssertIncorrectWithMessage(resultMessage, inputs);"
      },
      {
        "lineNumber": 99,
        "author": {
          "gitId": "-"
        },
        "content": "    }"
      },
      {
        "lineNumber": 100,
        "author": {
          "gitId": "-"
        },
        "content": ""
      },
      {
        "lineNumber": 101,
        "author": {
          "gitId": "-"
        },
        "content": "    @Test"
      },
      {
        "lineNumber": 102,
        "author": {
          "gitId": "-"
        },
        "content": "    public void parse_deleteCommandArgsIsNotSingleNumber_errorMessage() {"
      },
      {
        "lineNumber": 103,
        "author": {
          "gitId": "-"
        },
        "content": "        final String[] inputs \u003d { \"delete notAnumber \", \"delete 8*wh12\", \"delete 1 2 3 4 5\" };"
      },
      {
        "lineNumber": 104,
        "author": {
          "gitId": "-"
        },
        "content": "        final String resultMessage \u003d MESSAGE_INVALID_PERSON_DISPLAYED_INDEX;"
      },
      {
        "lineNumber": 105,
        "author": {
          "gitId": "-"
        },
        "content": "        parseAndAssertIncorrectWithMessage(resultMessage, inputs);"
      },
      {
        "lineNumber": 106,
        "author": {
          "gitId": "-"
        },
        "content": "    }"
      },
      {
        "lineNumber": 107,
        "author": {
          "gitId": "-"
        },
        "content": ""
      },
      {
        "lineNumber": 108,
        "author": {
          "gitId": "-"
        },
        "content": "    @Test"
      },
      {
        "lineNumber": 109,
        "author": {
          "gitId": "-"
        },
        "content": "    public void parse_deleteCommandNumericArg_indexParsedCorrectly() {"
      },
      {
        "lineNumber": 110,
        "author": {
          "gitId": "-"
        },
        "content": "        final int testIndex \u003d 1;"
      },
      {
        "lineNumber": 111,
        "author": {
          "gitId": "-"
        },
        "content": "        final String input \u003d \"delete \" + testIndex;"
      },
      {
        "lineNumber": 112,
        "author": {
          "gitId": "-"
        },
        "content": "        final DeleteCommand result \u003d parseAndAssertCommandType(input, DeleteCommand.class);"
      },
      {
        "lineNumber": 113,
        "author": {
          "gitId": "-"
        },
        "content": "        assertEquals(result.getTargetIndex(), testIndex);"
      },
      {
        "lineNumber": 114,
        "author": {
          "gitId": "-"
        },
        "content": "    }"
      },
      {
        "lineNumber": 115,
        "author": {
          "gitId": "-"
        },
        "content": ""
      },
      {
        "lineNumber": 116,
        "author": {
          "gitId": "-"
        },
        "content": "    @Test"
      },
      {
        "lineNumber": 117,
        "author": {
          "gitId": "-"
        },
        "content": "    public void viewCommandNoArgs_errorMessage() {"
      },
      {
        "lineNumber": 118,
        "author": {
          "gitId": "-"
        },
        "content": "        final String[] inputs \u003d { \"view\", \"view \" };"
      },
      {
        "lineNumber": 119,
        "author": {
          "gitId": "-"
        },
        "content": "        final String resultMessage \u003d String.format(MESSAGE_INVALID_COMMAND_FORMAT, ViewCommand.MESSAGE_USAGE);"
      },
      {
        "lineNumber": 120,
        "author": {
          "gitId": "-"
        },
        "content": "        parseAndAssertIncorrectWithMessage(resultMessage, inputs);"
      },
      {
        "lineNumber": 121,
        "author": {
          "gitId": "-"
        },
        "content": "    }"
      },
      {
        "lineNumber": 122,
        "author": {
          "gitId": "-"
        },
        "content": ""
      },
      {
        "lineNumber": 123,
        "author": {
          "gitId": "-"
        },
        "content": "    @Test"
      },
      {
        "lineNumber": 124,
        "author": {
          "gitId": "-"
        },
        "content": "    public void parse_viewCommandArgsIsNotSingleNumber_errorMessage() {"
      },
      {
        "lineNumber": 125,
        "author": {
          "gitId": "-"
        },
        "content": "        final String[] inputs \u003d { \"view notAnumber \", \"view 8*wh12\", \"view 1 2 3 4 5\" };"
      },
      {
        "lineNumber": 126,
        "author": {
          "gitId": "-"
        },
        "content": "        final String resultMessage \u003d MESSAGE_INVALID_PERSON_DISPLAYED_INDEX;"
      },
      {
        "lineNumber": 127,
        "author": {
          "gitId": "-"
        },
        "content": "        parseAndAssertIncorrectWithMessage(resultMessage, inputs);"
      },
      {
        "lineNumber": 128,
        "author": {
          "gitId": "-"
        },
        "content": "    }"
      },
      {
        "lineNumber": 129,
        "author": {
          "gitId": "-"
        },
        "content": ""
      },
      {
        "lineNumber": 130,
        "author": {
          "gitId": "-"
        },
        "content": "    @Test"
      },
      {
        "lineNumber": 131,
        "author": {
          "gitId": "-"
        },
        "content": "    public void parse_viewCommandNumericArg_indexParsedCorrectly() {"
      },
      {
        "lineNumber": 132,
        "author": {
          "gitId": "-"
        },
        "content": "        final int testIndex \u003d 2;"
      },
      {
        "lineNumber": 133,
        "author": {
          "gitId": "-"
        },
        "content": "        final String input \u003d \"view \" + testIndex;"
      },
      {
        "lineNumber": 134,
        "author": {
          "gitId": "-"
        },
        "content": "        final ViewCommand result \u003d parseAndAssertCommandType(input, ViewCommand.class);"
      },
      {
        "lineNumber": 135,
        "author": {
          "gitId": "-"
        },
        "content": "        assertEquals(result.getTargetIndex(), testIndex);"
      },
      {
        "lineNumber": 136,
        "author": {
          "gitId": "-"
        },
        "content": "    }"
      },
      {
        "lineNumber": 137,
        "author": {
          "gitId": "-"
        },
        "content": ""
      },
      {
        "lineNumber": 138,
        "author": {
          "gitId": "-"
        },
        "content": "    @Test"
      },
      {
        "lineNumber": 139,
        "author": {
          "gitId": "-"
        },
        "content": "    public void parse_viewAllCommandNoArgs_errorMessage() {"
      },
      {
        "lineNumber": 140,
        "author": {
          "gitId": "-"
        },
        "content": "        final String[] inputs \u003d { \"viewall\", \"viewall \" };"
      },
      {
        "lineNumber": 141,
        "author": {
          "gitId": "-"
        },
        "content": "        final String resultMessage \u003d"
      },
      {
        "lineNumber": 142,
        "author": {
          "gitId": "-"
        },
        "content": "                String.format(MESSAGE_INVALID_COMMAND_FORMAT, ViewAllCommand.MESSAGE_USAGE);"
      },
      {
        "lineNumber": 143,
        "author": {
          "gitId": "-"
        },
        "content": "        parseAndAssertIncorrectWithMessage(resultMessage, inputs);"
      },
      {
        "lineNumber": 144,
        "author": {
          "gitId": "-"
        },
        "content": "    }"
      },
      {
        "lineNumber": 145,
        "author": {
          "gitId": "-"
        },
        "content": ""
      },
      {
        "lineNumber": 146,
        "author": {
          "gitId": "-"
        },
        "content": "    @Test"
      },
      {
        "lineNumber": 147,
        "author": {
          "gitId": "-"
        },
        "content": "    public void parse_viewAllCommandArgsIsNotSingleNumber_errorMessage() {"
      },
      {
        "lineNumber": 148,
        "author": {
          "gitId": "-"
        },
        "content": "        final String[] inputs \u003d { \"viewall notAnumber \", \"viewall 8*wh12\", \"viewall 1 2 3 4 5\" };"
      },
      {
        "lineNumber": 149,
        "author": {
          "gitId": "-"
        },
        "content": "        final String resultMessage \u003d MESSAGE_INVALID_PERSON_DISPLAYED_INDEX;"
      },
      {
        "lineNumber": 150,
        "author": {
          "gitId": "-"
        },
        "content": "        parseAndAssertIncorrectWithMessage(resultMessage, inputs);"
      },
      {
        "lineNumber": 151,
        "author": {
          "gitId": "-"
        },
        "content": "    }"
      },
      {
        "lineNumber": 152,
        "author": {
          "gitId": "-"
        },
        "content": ""
      },
      {
        "lineNumber": 153,
        "author": {
          "gitId": "-"
        },
        "content": "    @Test"
      },
      {
        "lineNumber": 154,
        "author": {
          "gitId": "-"
        },
        "content": "    public void parse_viewAllCommandNumericArg_indexParsedCorrectly() {"
      },
      {
        "lineNumber": 155,
        "author": {
          "gitId": "-"
        },
        "content": "        final int testIndex \u003d 3;"
      },
      {
        "lineNumber": 156,
        "author": {
          "gitId": "-"
        },
        "content": "        final String input \u003d \"viewall \" + testIndex;"
      },
      {
        "lineNumber": 157,
        "author": {
          "gitId": "-"
        },
        "content": "        final ViewAllCommand result \u003d parseAndAssertCommandType(input, ViewAllCommand.class);"
      },
      {
        "lineNumber": 158,
        "author": {
          "gitId": "-"
        },
        "content": "        assertEquals(result.getTargetIndex(), testIndex);"
      },
      {
        "lineNumber": 159,
        "author": {
          "gitId": "-"
        },
        "content": "    }"
      },
      {
        "lineNumber": 160,
        "author": {
          "gitId": "-"
        },
        "content": ""
      },
      {
        "lineNumber": 161,
        "author": {
          "gitId": "-"
        },
        "content": "    /*"
      },
      {
        "lineNumber": 162,
        "author": {
          "gitId": "-"
        },
        "content": "     * Tests for find persons by keyword in name command \u003d\u003d\u003d\u003d\u003d\u003d\u003d\u003d\u003d\u003d\u003d\u003d\u003d\u003d\u003d\u003d\u003d\u003d\u003d\u003d\u003d\u003d\u003d\u003d\u003d\u003d\u003d\u003d\u003d\u003d\u003d\u003d\u003d\u003d\u003d\u003d\u003d\u003d\u003d\u003d\u003d\u003d\u003d\u003d\u003d\u003d\u003d\u003d\u003d\u003d\u003d"
      },
      {
        "lineNumber": 163,
        "author": {
          "gitId": "-"
        },
        "content": "     */"
      },
      {
        "lineNumber": 164,
        "author": {
          "gitId": "-"
        },
        "content": ""
      },
      {
        "lineNumber": 165,
        "author": {
          "gitId": "-"
        },
        "content": "    @Test"
      },
      {
        "lineNumber": 166,
        "author": {
          "gitId": "-"
        },
        "content": "    public void parse_findCommandInvalidArgs_errorMessage() {"
      },
      {
        "lineNumber": 167,
        "author": {
          "gitId": "-"
        },
        "content": "        // no keywords"
      },
      {
        "lineNumber": 168,
        "author": {
          "gitId": "-"
        },
        "content": "        final String[] inputs \u003d {"
      },
      {
        "lineNumber": 169,
        "author": {
          "gitId": "-"
        },
        "content": "            \"find\","
      },
      {
        "lineNumber": 170,
        "author": {
          "gitId": "-"
        },
        "content": "            \"find \""
      },
      {
        "lineNumber": 171,
        "author": {
          "gitId": "-"
        },
        "content": "        };"
      },
      {
        "lineNumber": 172,
        "author": {
          "gitId": "-"
        },
        "content": "        final String resultMessage \u003d"
      },
      {
        "lineNumber": 173,
        "author": {
          "gitId": "-"
        },
        "content": "                String.format(MESSAGE_INVALID_COMMAND_FORMAT, FindCommand.MESSAGE_USAGE);"
      },
      {
        "lineNumber": 174,
        "author": {
          "gitId": "-"
        },
        "content": "        parseAndAssertIncorrectWithMessage(resultMessage, inputs);"
      },
      {
        "lineNumber": 175,
        "author": {
          "gitId": "-"
        },
        "content": "    }"
      },
      {
        "lineNumber": 176,
        "author": {
          "gitId": "-"
        },
        "content": ""
      },
      {
        "lineNumber": 177,
        "author": {
          "gitId": "-"
        },
        "content": "    @Test"
      },
      {
        "lineNumber": 178,
        "author": {
          "gitId": "-"
        },
        "content": "    public void parse_findCommandValidArgs_parsedCorrectly() {"
      },
      {
        "lineNumber": 179,
        "author": {
          "gitId": "-"
        },
        "content": "        final String[] keywords \u003d { \"key1\", \"key2\", \"key3\" };"
      },
      {
        "lineNumber": 180,
        "author": {
          "gitId": "-"
        },
        "content": "        final Set\u003cString\u003e keySet \u003d new HashSet\u003c\u003e(Arrays.asList(keywords));"
      },
      {
        "lineNumber": 181,
        "author": {
          "gitId": "-"
        },
        "content": ""
      },
      {
        "lineNumber": 182,
        "author": {
          "gitId": "-"
        },
        "content": "        final String input \u003d \"find \" + String.join(\" \", keySet);"
      },
      {
        "lineNumber": 183,
        "author": {
          "gitId": "-"
        },
        "content": "        final FindCommand result \u003d"
      },
      {
        "lineNumber": 184,
        "author": {
          "gitId": "-"
        },
        "content": "                parseAndAssertCommandType(input, FindCommand.class);"
      },
      {
        "lineNumber": 185,
        "author": {
          "gitId": "-"
        },
        "content": "        assertEquals(keySet, result.getKeywords());"
      },
      {
        "lineNumber": 186,
        "author": {
          "gitId": "-"
        },
        "content": "    }"
      },
      {
        "lineNumber": 187,
        "author": {
          "gitId": "-"
        },
        "content": ""
      },
      {
        "lineNumber": 188,
        "author": {
          "gitId": "-"
        },
        "content": "    @Test"
      },
      {
        "lineNumber": 189,
        "author": {
          "gitId": "-"
        },
        "content": "    public void parse_findCommandDuplicateKeys_parsedCorrectly() {"
      },
      {
        "lineNumber": 190,
        "author": {
          "gitId": "-"
        },
        "content": "        final String[] keywords \u003d { \"key1\", \"key2\", \"key3\" };"
      },
      {
        "lineNumber": 191,
        "author": {
          "gitId": "-"
        },
        "content": "        final Set\u003cString\u003e keySet \u003d new HashSet\u003c\u003e(Arrays.asList(keywords));"
      },
      {
        "lineNumber": 192,
        "author": {
          "gitId": "-"
        },
        "content": ""
      },
      {
        "lineNumber": 193,
        "author": {
          "gitId": "-"
        },
        "content": "        // duplicate every keyword"
      },
      {
        "lineNumber": 194,
        "author": {
          "gitId": "-"
        },
        "content": "        final String input \u003d \"find \" + String.join(\" \", keySet) + \" \" + String.join(\" \", keySet);"
      },
      {
        "lineNumber": 195,
        "author": {
          "gitId": "-"
        },
        "content": "        final FindCommand result \u003d"
      },
      {
        "lineNumber": 196,
        "author": {
          "gitId": "-"
        },
        "content": "                parseAndAssertCommandType(input, FindCommand.class);"
      },
      {
        "lineNumber": 197,
        "author": {
          "gitId": "-"
        },
        "content": "        assertEquals(keySet, result.getKeywords());"
      },
      {
        "lineNumber": 198,
        "author": {
          "gitId": "-"
        },
        "content": "    }"
      },
      {
        "lineNumber": 199,
        "author": {
          "gitId": "-"
        },
        "content": ""
      },
      {
        "lineNumber": 200,
        "author": {
          "gitId": "-"
        },
        "content": "    /*"
      },
      {
        "lineNumber": 201,
        "author": {
          "gitId": "-"
        },
        "content": "     * Tests for add person command \u003d\u003d\u003d\u003d\u003d\u003d\u003d\u003d\u003d\u003d\u003d\u003d\u003d\u003d\u003d\u003d\u003d\u003d\u003d\u003d\u003d\u003d\u003d\u003d\u003d\u003d\u003d\u003d\u003d\u003d\u003d\u003d\u003d\u003d\u003d\u003d\u003d\u003d\u003d\u003d\u003d\u003d\u003d\u003d\u003d\u003d\u003d\u003d\u003d\u003d\u003d\u003d\u003d\u003d\u003d\u003d\u003d\u003d\u003d\u003d\u003d\u003d\u003d\u003d\u003d\u003d\u003d\u003d\u003d\u003d\u003d\u003d\u003d\u003d\u003d\u003d\u003d\u003d"
      },
      {
        "lineNumber": 202,
        "author": {
          "gitId": "-"
        },
        "content": "     */"
      },
      {
        "lineNumber": 203,
        "author": {
          "gitId": "-"
        },
        "content": ""
      },
      {
        "lineNumber": 204,
        "author": {
          "gitId": "-"
        },
        "content": "    @Test"
      },
      {
        "lineNumber": 205,
        "author": {
          "gitId": "-"
        },
        "content": "    public void parse_addCommandInvalidArgs_errorMessage() {"
      },
      {
        "lineNumber": 206,
        "author": {
          "gitId": "-"
        },
        "content": "        final String[] inputs \u003d {"
      },
      {
        "lineNumber": 207,
        "author": {
          "gitId": "-"
        },
        "content": "            \"add\","
      },
      {
        "lineNumber": 208,
        "author": {
          "gitId": "-"
        },
        "content": "            \"add \","
      },
      {
        "lineNumber": 209,
        "author": {
          "gitId": "-"
        },
        "content": "            \"add wrong args format\","
      },
      {
        "lineNumber": 210,
        "author": {
          "gitId": "-"
        },
        "content": "            // no phone prefix"
      },
      {
        "lineNumber": 211,
        "author": {
          "gitId": "sijie123"
        },
        "content": "            String.format(\"add %s %s e/%s a/%s\", Name.EXAMPLE, Phone.EXAMPLE, Email.EXAMPLE, Address.EXAMPLE),"
      },
      {
        "lineNumber": 212,
        "author": {
          "gitId": "-"
        },
        "content": "            // no email prefix"
      },
      {
        "lineNumber": 213,
        "author": {
          "gitId": "sijie123"
        },
        "content": "            String.format(\"add %s p/%s %s a/%s\", Name.EXAMPLE, Phone.EXAMPLE, Email.EXAMPLE, Address.EXAMPLE),"
      },
      {
        "lineNumber": 214,
        "author": {
          "gitId": "-"
        },
        "content": "            // no address prefix"
      },
      {
        "lineNumber": 215,
        "author": {
          "gitId": "sijie123"
        },
        "content": "            String.format(\"add %s p/%s e/%s %s\", Name.EXAMPLE, Phone.EXAMPLE, Email.EXAMPLE, Address.EXAMPLE)"
      },
      {
        "lineNumber": 216,
        "author": {
          "gitId": "-"
        },
        "content": "        };"
      },
      {
        "lineNumber": 217,
        "author": {
          "gitId": "-"
        },
        "content": "        final String resultMessage \u003d String.format(MESSAGE_INVALID_COMMAND_FORMAT, AddCommand.MESSAGE_USAGE);"
      },
      {
        "lineNumber": 218,
        "author": {
          "gitId": "-"
        },
        "content": "        parseAndAssertIncorrectWithMessage(resultMessage, inputs);"
      },
      {
        "lineNumber": 219,
        "author": {
          "gitId": "-"
        },
        "content": "    }"
      },
      {
        "lineNumber": 220,
        "author": {
          "gitId": "-"
        },
        "content": ""
      },
      {
        "lineNumber": 221,
        "author": {
          "gitId": "-"
        },
        "content": "    @Test"
      },
      {
        "lineNumber": 222,
        "author": {
          "gitId": "-"
        },
        "content": "    public void parse_addCommandInvalidPersonDataInArgs_errorMessge() {"
      },
      {
        "lineNumber": 223,
        "author": {
          "gitId": "-"
        },
        "content": "        final String invalidName \u003d \"[]\\\\[;]\";"
      },
      {
        "lineNumber": 224,
        "author": {
          "gitId": "-"
        },
        "content": "        final String validName \u003d Name.EXAMPLE;"
      },
      {
        "lineNumber": 225,
        "author": {
          "gitId": "-"
        },
        "content": "        final String invalidPhoneArg \u003d \"p/not__numbers\";"
      },
      {
        "lineNumber": 226,
        "author": {
          "gitId": "-"
        },
        "content": "        final String validPhoneArg \u003d \"p/\" + Phone.EXAMPLE;"
      },
      {
        "lineNumber": 227,
        "author": {
          "gitId": "-"
        },
        "content": "        final String invalidEmailArg \u003d \"e/notAnEmail123\";"
      },
      {
        "lineNumber": 228,
        "author": {
          "gitId": "-"
        },
        "content": "        final String validEmailArg \u003d \"e/\" + Email.EXAMPLE;"
      },
      {
        "lineNumber": 229,
        "author": {
          "gitId": "-"
        },
        "content": "        final String invalidTagArg \u003d \"t/invalid_-[.tag\";"
      },
      {
        "lineNumber": 230,
        "author": {
          "gitId": "-"
        },
        "content": ""
      },
      {
        "lineNumber": 231,
        "author": {
          "gitId": "-"
        },
        "content": "        // address can be any string, so no invalid address"
      },
      {
        "lineNumber": 232,
        "author": {
          "gitId": "sijie123"
        },
        "content": "        final String addCommandFormatString \u003d \"add %s %s %s a/\" + Address.EXAMPLE;"
      },
      {
        "lineNumber": 233,
        "author": {
          "gitId": "-"
        },
        "content": ""
      },
      {
        "lineNumber": 234,
        "author": {
          "gitId": "-"
        },
        "content": "        // test each incorrect person data field argument individually"
      },
      {
        "lineNumber": 235,
        "author": {
          "gitId": "-"
        },
        "content": "        final String[] inputs \u003d {"
      },
      {
        "lineNumber": 236,
        "author": {
          "gitId": "-"
        },
        "content": "                // invalid name"
      },
      {
        "lineNumber": 237,
        "author": {
          "gitId": "-"
        },
        "content": "                String.format(addCommandFormatString, invalidName, validPhoneArg, validEmailArg),"
      },
      {
        "lineNumber": 238,
        "author": {
          "gitId": "-"
        },
        "content": "                // invalid phone"
      },
      {
        "lineNumber": 239,
        "author": {
          "gitId": "-"
        },
        "content": "                String.format(addCommandFormatString, validName, invalidPhoneArg, validEmailArg),"
      },
      {
        "lineNumber": 240,
        "author": {
          "gitId": "-"
        },
        "content": "                // invalid email"
      },
      {
        "lineNumber": 241,
        "author": {
          "gitId": "-"
        },
        "content": "                String.format(addCommandFormatString, validName, validPhoneArg, invalidEmailArg),"
      },
      {
        "lineNumber": 242,
        "author": {
          "gitId": "-"
        },
        "content": "                // invalid tag"
      },
      {
        "lineNumber": 243,
        "author": {
          "gitId": "-"
        },
        "content": "                String.format(addCommandFormatString, validName, validPhoneArg, validEmailArg) + \" \" + invalidTagArg"
      },
      {
        "lineNumber": 244,
        "author": {
          "gitId": "-"
        },
        "content": "        };"
      },
      {
        "lineNumber": 245,
        "author": {
          "gitId": "-"
        },
        "content": "        for (String input : inputs) {"
      },
      {
        "lineNumber": 246,
        "author": {
          "gitId": "-"
        },
        "content": "            parseAndAssertCommandType(input, IncorrectCommand.class);"
      },
      {
        "lineNumber": 247,
        "author": {
          "gitId": "-"
        },
        "content": "        }"
      },
      {
        "lineNumber": 248,
        "author": {
          "gitId": "-"
        },
        "content": "    }"
      },
      {
        "lineNumber": 249,
        "author": {
          "gitId": "-"
        },
        "content": ""
      },
      {
        "lineNumber": 250,
        "author": {
          "gitId": "-"
        },
        "content": "    @Test"
      },
      {
        "lineNumber": 251,
        "author": {
          "gitId": "-"
        },
        "content": "    public void parse_addCommandValidPersonData_parsedCorrectly() {"
      },
      {
        "lineNumber": 252,
        "author": {
          "gitId": "-"
        },
        "content": "        final Person testPerson \u003d generateTestPerson();"
      },
      {
        "lineNumber": 253,
        "author": {
          "gitId": "-"
        },
        "content": "        final String input \u003d convertPersonToAddCommandString(testPerson);"
      },
      {
        "lineNumber": 254,
        "author": {
          "gitId": "-"
        },
        "content": "        final AddCommand result \u003d parseAndAssertCommandType(input, AddCommand.class);"
      },
      {
        "lineNumber": 255,
        "author": {
          "gitId": "-"
        },
        "content": "        assertEquals(result.getPerson(), testPerson);"
      },
      {
        "lineNumber": 256,
        "author": {
          "gitId": "-"
        },
        "content": "    }"
      },
      {
        "lineNumber": 257,
        "author": {
          "gitId": "-"
        },
        "content": ""
      },
      {
        "lineNumber": 258,
        "author": {
          "gitId": "-"
        },
        "content": "    @Test"
      },
      {
        "lineNumber": 259,
        "author": {
          "gitId": "-"
        },
        "content": "    public void parse_addCommandDuplicateTags_merged() {"
      },
      {
        "lineNumber": 260,
        "author": {
          "gitId": "-"
        },
        "content": "        final Person testPerson \u003d generateTestPerson();"
      },
      {
        "lineNumber": 261,
        "author": {
          "gitId": "-"
        },
        "content": "        String input \u003d convertPersonToAddCommandString(testPerson);"
      },
      {
        "lineNumber": 262,
        "author": {
          "gitId": "-"
        },
        "content": "        for (Tag tag : testPerson.getTags()) {"
      },
      {
        "lineNumber": 263,
        "author": {
          "gitId": "-"
        },
        "content": "            // create duplicates by doubling each tag"
      },
      {
        "lineNumber": 264,
        "author": {
          "gitId": "-"
        },
        "content": "            input +\u003d \" t/\" + tag.tagName;"
      },
      {
        "lineNumber": 265,
        "author": {
          "gitId": "-"
        },
        "content": "        }"
      },
      {
        "lineNumber": 266,
        "author": {
          "gitId": "-"
        },
        "content": ""
      },
      {
        "lineNumber": 267,
        "author": {
          "gitId": "-"
        },
        "content": "        final AddCommand result \u003d parseAndAssertCommandType(input, AddCommand.class);"
      },
      {
        "lineNumber": 268,
        "author": {
          "gitId": "-"
        },
        "content": "        assertEquals(result.getPerson(), testPerson);"
      },
      {
        "lineNumber": 269,
        "author": {
          "gitId": "-"
        },
        "content": "    }"
      },
      {
        "lineNumber": 270,
        "author": {
          "gitId": "-"
        },
        "content": ""
      },
      {
        "lineNumber": 271,
        "author": {
          "gitId": "-"
        },
        "content": "    /**"
      },
      {
        "lineNumber": 272,
        "author": {
          "gitId": "-"
        },
        "content": "     * Generates an instance of a {@code Person} from valid test data."
      },
      {
        "lineNumber": 273,
        "author": {
          "gitId": "-"
        },
        "content": "     * @return an instance of a {@code Person}."
      },
      {
        "lineNumber": 274,
        "author": {
          "gitId": "-"
        },
        "content": "     */"
      },
      {
        "lineNumber": 275,
        "author": {
          "gitId": "-"
        },
        "content": "    private static Person generateTestPerson() {"
      },
      {
        "lineNumber": 276,
        "author": {
          "gitId": "-"
        },
        "content": "        try {"
      },
      {
        "lineNumber": 277,
        "author": {
          "gitId": "-"
        },
        "content": "            return new Person("
      },
      {
        "lineNumber": 278,
        "author": {
          "gitId": "-"
        },
        "content": "                new Name(Name.EXAMPLE),"
      },
      {
        "lineNumber": 279,
        "author": {
          "gitId": "-"
        },
        "content": "                new Phone(Phone.EXAMPLE, true),"
      },
      {
        "lineNumber": 280,
        "author": {
          "gitId": "-"
        },
        "content": "                new Email(Email.EXAMPLE, false),"
      },
      {
        "lineNumber": 281,
        "author": {
          "gitId": "-"
        },
        "content": "                new Address(Address.EXAMPLE, true),"
      },
      {
        "lineNumber": 282,
        "author": {
          "gitId": "-"
        },
        "content": "                new HashSet\u003c\u003e(Arrays.asList(new Tag(\"tag1\"), new Tag (\"tag2\"), new Tag(\"tag3\")))"
      },
      {
        "lineNumber": 283,
        "author": {
          "gitId": "-"
        },
        "content": "            );"
      },
      {
        "lineNumber": 284,
        "author": {
          "gitId": "-"
        },
        "content": "        } catch (IllegalValueException ive) {"
      },
      {
        "lineNumber": 285,
        "author": {
          "gitId": "-"
        },
        "content": "            throw new RuntimeException(\"test person data should be valid by definition\");"
      },
      {
        "lineNumber": 286,
        "author": {
          "gitId": "-"
        },
        "content": "        }"
      },
      {
        "lineNumber": 287,
        "author": {
          "gitId": "-"
        },
        "content": "    }"
      },
      {
        "lineNumber": 288,
        "author": {
          "gitId": "-"
        },
        "content": ""
      },
      {
        "lineNumber": 289,
        "author": {
          "gitId": "-"
        },
        "content": "    /**"
      },
      {
        "lineNumber": 290,
        "author": {
          "gitId": "-"
        },
        "content": "     * Generates an add command from a {@code ReadOnlyPerson}."
      },
      {
        "lineNumber": 291,
        "author": {
          "gitId": "-"
        },
        "content": "     * @param person whose data will be filled into the string."
      },
      {
        "lineNumber": 292,
        "author": {
          "gitId": "-"
        },
        "content": "     * @return a string describing an {@code AddCommand}."
      },
      {
        "lineNumber": 293,
        "author": {
          "gitId": "-"
        },
        "content": "     */"
      },
      {
        "lineNumber": 294,
        "author": {
          "gitId": "-"
        },
        "content": "    private static String convertPersonToAddCommandString(ReadOnlyPerson person) {"
      },
      {
        "lineNumber": 295,
        "author": {
          "gitId": "-"
        },
        "content": "        String addCommand \u003d \"add \""
      },
      {
        "lineNumber": 296,
        "author": {
          "gitId": "-"
        },
        "content": "                + person.getName().fullName"
      },
      {
        "lineNumber": 297,
        "author": {
          "gitId": "-"
        },
        "content": "                + (person.getPhone().isPrivate() ? \" pp/\" : \" p/\") + person.getPhone().value"
      },
      {
        "lineNumber": 298,
        "author": {
          "gitId": "-"
        },
        "content": "                + (person.getEmail().isPrivate() ? \" pe/\" : \" e/\") + person.getEmail().value"
      },
      {
        "lineNumber": 299,
        "author": {
          "gitId": "-"
        },
        "content": "                + (person.getAddress().isPrivate() ? \" pa/\" : \" a/\") + person.getAddress().value;"
      },
      {
        "lineNumber": 300,
        "author": {
          "gitId": "-"
        },
        "content": "        for (Tag tag : person.getTags()) {"
      },
      {
        "lineNumber": 301,
        "author": {
          "gitId": "-"
        },
        "content": "            addCommand +\u003d \" t/\" + tag.tagName;"
      },
      {
        "lineNumber": 302,
        "author": {
          "gitId": "-"
        },
        "content": "        }"
      },
      {
        "lineNumber": 303,
        "author": {
          "gitId": "-"
        },
        "content": "        return addCommand;"
      },
      {
        "lineNumber": 304,
        "author": {
          "gitId": "-"
        },
        "content": "    }"
      },
      {
        "lineNumber": 305,
        "author": {
          "gitId": "-"
        },
        "content": ""
      },
      {
        "lineNumber": 306,
        "author": {
          "gitId": "-"
        },
        "content": "    /*"
      },
      {
        "lineNumber": 307,
        "author": {
          "gitId": "-"
        },
        "content": "     * Utility methods \u003d\u003d\u003d\u003d\u003d\u003d\u003d\u003d\u003d\u003d\u003d\u003d\u003d\u003d\u003d\u003d\u003d\u003d\u003d\u003d\u003d\u003d\u003d\u003d\u003d\u003d\u003d\u003d\u003d\u003d\u003d\u003d\u003d\u003d\u003d\u003d\u003d\u003d\u003d\u003d\u003d\u003d\u003d\u003d\u003d\u003d\u003d\u003d\u003d\u003d\u003d\u003d\u003d\u003d\u003d\u003d\u003d\u003d\u003d\u003d\u003d\u003d\u003d\u003d\u003d\u003d\u003d\u003d\u003d\u003d\u003d\u003d\u003d\u003d\u003d\u003d\u003d\u003d\u003d\u003d\u003d\u003d\u003d\u003d"
      },
      {
        "lineNumber": 308,
        "author": {
          "gitId": "-"
        },
        "content": "     */"
      },
      {
        "lineNumber": 309,
        "author": {
          "gitId": "-"
        },
        "content": ""
      },
      {
        "lineNumber": 310,
        "author": {
          "gitId": "-"
        },
        "content": "    /**"
      },
      {
        "lineNumber": 311,
        "author": {
          "gitId": "-"
        },
        "content": "     * Asserts that parsing the given inputs will return IncorrectCommand with the given feedback message."
      },
      {
        "lineNumber": 312,
        "author": {
          "gitId": "-"
        },
        "content": "     */"
      },
      {
        "lineNumber": 313,
        "author": {
          "gitId": "-"
        },
        "content": "    private void parseAndAssertIncorrectWithMessage(String feedbackMessage, String... inputs) {"
      },
      {
        "lineNumber": 314,
        "author": {
          "gitId": "-"
        },
        "content": "        for (String input : inputs) {"
      },
      {
        "lineNumber": 315,
        "author": {
          "gitId": "-"
        },
        "content": "            final IncorrectCommand result \u003d parseAndAssertCommandType(input, IncorrectCommand.class);"
      },
      {
        "lineNumber": 316,
        "author": {
          "gitId": "-"
        },
        "content": "            assertEquals(result.feedbackToUser, feedbackMessage);"
      },
      {
        "lineNumber": 317,
        "author": {
          "gitId": "-"
        },
        "content": "        }"
      },
      {
        "lineNumber": 318,
        "author": {
          "gitId": "-"
        },
        "content": "    }"
      },
      {
        "lineNumber": 319,
        "author": {
          "gitId": "-"
        },
        "content": ""
      },
      {
        "lineNumber": 320,
        "author": {
          "gitId": "-"
        },
        "content": "    /**"
      },
      {
        "lineNumber": 321,
        "author": {
          "gitId": "-"
        },
        "content": "     * Parses input and asserts the class/type of the returned command object."
      },
      {
        "lineNumber": 322,
        "author": {
          "gitId": "-"
        },
        "content": "     *"
      },
      {
        "lineNumber": 323,
        "author": {
          "gitId": "-"
        },
        "content": "     * @param input to be parsed"
      },
      {
        "lineNumber": 324,
        "author": {
          "gitId": "-"
        },
        "content": "     * @param expectedCommandClass expected class of returned command"
      },
      {
        "lineNumber": 325,
        "author": {
          "gitId": "-"
        },
        "content": "     * @return the parsed command object"
      },
      {
        "lineNumber": 326,
        "author": {
          "gitId": "-"
        },
        "content": "     */"
      },
      {
        "lineNumber": 327,
        "author": {
          "gitId": "-"
        },
        "content": "    private \u003cT extends Command\u003e T parseAndAssertCommandType(String input, Class\u003cT\u003e expectedCommandClass) {"
      },
      {
        "lineNumber": 328,
        "author": {
          "gitId": "-"
        },
        "content": "        final Command result \u003d parser.parseCommand(input);"
      },
      {
        "lineNumber": 329,
        "author": {
          "gitId": "-"
        },
        "content": "        assertTrue(result.getClass().isAssignableFrom(expectedCommandClass));"
      },
      {
        "lineNumber": 330,
        "author": {
          "gitId": "-"
        },
        "content": "        return (T) result;"
      },
      {
        "lineNumber": 331,
        "author": {
          "gitId": "-"
        },
        "content": "    }"
      },
      {
        "lineNumber": 332,
        "author": {
          "gitId": "-"
        },
        "content": "}"
      }
    ],
    "authorContributionMap": {
      "-": 328,
      "sijie123": 4
    }
  }
]
