{
  "authorDailyContributionsMap": {
    "sijie123": [
      {
        "insertions": 3,
        "deletions": 0,
        "date": "2018-12-14",
        "commitResults": [
          {
            "hash": "e3eb78478fb08d9767e166ab8c4d09c57aee4b80",
            "message": "Utils#isAnyNull: Check for null on entire object",
            "insertions": 3,
            "deletions": 0
          }
        ]
      },
      {
        "insertions": 21,
        "deletions": 0,
        "date": "2018-12-16",
        "commitResults": [
          {
            "hash": "d9fb0a224014a6bb3dc26e05181d9ad5feb0abf1",
            "message": "UtilsTest: Add test for isAnyNull",
            "insertions": 21,
            "deletions": 0
          }
        ]
      },
      {
        "insertions": 4,
        "deletions": 4,
        "date": "2018-12-18",
        "commitResults": [
          {
            "hash": "fef211952255091cfd2b6101bc1597479176f6f4",
            "message": "ParserTest: Fix incorrectly formatted command string",
            "insertions": 4,
            "deletions": 4
          }
        ]
      }
    ]
  },
  "authorFinalContributionMap": {
    "sijie123": 28
  },
  "authorFileFormatContributionMap": {
    "sijie123": {
      "java": 28,
      "js": 0,
      "css": 0,
      "adoc": 0,
      "fxml": 0
    }
  },
  "authorContributionVariance": {
    "sijie123": 25.395061
  },
  "authorDisplayNameMap": {
    "sijie123": "SI JIE"
  }
}
