{
  "authorDailyContributionsMap": {
    "ChesterSng": [
      {
        "insertions": 10,
        "deletions": 9,
        "date": "2019-02-07",
        "commitResults": [
          {
            "hash": "732a46d2db257d40b1fc2e3ea5676fed53abf66b",
            "message": "Add else block so items with warning notes will not display sell options (#10965)",
            "insertions": 10,
            "deletions": 9
          }
        ]
      },
      {
        "insertions": 35,
        "deletions": 12,
        "date": "2019-02-21",
        "commitResults": [
          {
            "hash": "d267f09d0410cb8748918cb340813063d948abb2",
            "message": "Enable Username to be searched in Hall of Heroes - fixes #10972 (#10980)",
            "insertions": 35,
            "deletions": 12
          }
        ]
      },
      {
        "insertions": 3,
        "deletions": 0,
        "date": "2019-03-22",
        "commitResults": [
          {
            "hash": "3e45f5af41af3b454df93d754a75fde429348638",
            "message": "Add check for the existence of user\u0027s password before attempting to authenticate",
            "insertions": 3,
            "deletions": 0
          }
        ]
      },
      {
        "insertions": 44,
        "deletions": 0,
        "date": "2019-03-23",
        "commitResults": [
          {
            "hash": "87d86ee632b79834539d993d91a43c4e55a8eeb0",
            "message": "Add test case for user that uses social authentication",
            "insertions": 44,
            "deletions": 0
          }
        ]
      }
    ]
  },
  "authorFinalContributionMap": {
    "ChesterSng": 80
  },
  "authorFileFormatContributionMap": {
    "ChesterSng": {
      "js": 78,
      "vue": 2
    }
  },
  "authorContributionVariance": {
    "ChesterSng": 38.955753
  },
  "authorDisplayNameMap": {
    "ChesterSng": "CHESTER"
  }
}
