{
  "authorDailyContributionsMap": {
    "ChesterSng": [
      {
        "insertions": 1,
        "deletions": 0,
        "date": "2019-01-27",
        "commitResults": [
          {
            "hash": "cae943d42f09715a4e41670487673e9807f1bd28",
            "message": "Add github logo to navbar (#87)",
            "insertions": 1,
            "deletions": 0
          }
        ]
      }
    ],
    "blewjy": [
      {
        "insertions": 11,
        "deletions": 10,
        "date": "2019-01-22",
        "commitResults": [
          {
            "hash": "11a690d4f6cf6ea5b73fcfeaf4b1d2d4a99fdef2",
            "message": "Updated website dev environment setup instructions and scripts (#84)",
            "insertions": 11,
            "deletions": 10
          }
        ]
      },
      {
        "insertions": 69,
        "deletions": 35,
        "date": "2019-02-04",
        "commitResults": [
          {
            "hash": "71a35b5891dd1074d231bddd012dc00f9261212d",
            "message": "Add more reviews to website (#85)",
            "insertions": 69,
            "deletions": 35
          }
        ]
      },
      {
        "insertions": 102,
        "deletions": 0,
        "date": "2019-04-15",
        "commitResults": [
          {
            "hash": "42ed35c5d24aedc7e416620f2fd1007e5f068fc6",
            "message": "#1837 Tooltips Lab: User Guide (#93)",
            "insertions": 102,
            "deletions": 0
          }
        ]
      }
    ],
    "YuPeiHenry": []
  },
  "authorFinalContributionMap": {
    "ChesterSng": 1,
    "blewjy": 168,
    "YuPeiHenry": 0
  },
  "authorFileFormatContributionMap": {
    "ChesterSng": {
      "html": 1,
      "js": 0,
      "css": 0,
      "cs": 0,
      "md": 0
    },
    "blewjy": {
      "html": 55,
      "js": 0,
      "css": 0,
      "cs": 0,
      "md": 113
    },
    "YuPeiHenry": {
      "html": 0,
      "js": 0,
      "css": 0,
      "cs": 0,
      "md": 0
    }
  },
  "authorContributionVariance": {
    "ChesterSng": 0.007298873,
    "blewjy": 156.48619,
    "YuPeiHenry": 0.0
  },
  "authorDisplayNameMap": {
    "ChesterSng": "CHESTER",
    "blewjy": "BRYAN",
    "YuPeiHenry": "HENRY"
  }
}
