{
  "authorDailyContributionsMap": {
    "ChesterSng": [
      {
        "insertions": 1,
        "deletions": 0,
        "date": "2019-01-27",
        "commitResults": [
          {
            "hash": "cae943d42f09715a4e41670487673e9807f1bd28",
            "message": "Add github logo to navbar (#87)",
            "insertions": 1,
            "deletions": 0
          }
        ]
      },
      {
        "insertions": 28,
        "deletions": 0,
        "date": "2019-04-15",
        "commitResults": [
          {
            "hash": "34863aab74d20a8536fe1bda0e90d5272339c73b",
            "message": "#1884 Update TimerLab User Guide with Countdown and Progress Bar mode (#95)",
            "insertions": 28,
            "deletions": 0
          }
        ]
      },
      {
        "insertions": 3,
        "deletions": 1,
        "date": "2019-04-16",
        "commitResults": [
          {
            "hash": "7a9af42087eeeb142204b0e8a898464e02dece8e",
            "message": "#1883 Change link for github logo to PowerPointLabs Repo (#94)",
            "insertions": 3,
            "deletions": 1
          }
        ]
      },
      {
        "insertions": 1,
        "deletions": 1,
        "date": "2019-04-17",
        "commitResults": [
          {
            "hash": "5174157c2abf4e77e1a2de3fba0877214d853c96",
            "message": "Change anchor id of progress bar (#98)",
            "insertions": 1,
            "deletions": 1
          }
        ]
      }
    ],
    "blewjy": [
      {
        "insertions": 11,
        "deletions": 10,
        "date": "2019-01-22",
        "commitResults": [
          {
            "hash": "11a690d4f6cf6ea5b73fcfeaf4b1d2d4a99fdef2",
            "message": "Updated website dev environment setup instructions and scripts (#84)",
            "insertions": 11,
            "deletions": 10
          }
        ]
      },
      {
        "insertions": 69,
        "deletions": 35,
        "date": "2019-02-04",
        "commitResults": [
          {
            "hash": "71a35b5891dd1074d231bddd012dc00f9261212d",
            "message": "Add more reviews to website (#85)",
            "insertions": 69,
            "deletions": 35
          }
        ]
      },
      {
        "insertions": 102,
        "deletions": 0,
        "date": "2019-04-15",
        "commitResults": [
          {
            "hash": "42ed35c5d24aedc7e416620f2fd1007e5f068fc6",
            "message": "#1837 Tooltips Lab: User Guide (#93)",
            "insertions": 102,
            "deletions": 0
          }
        ]
      },
      {
        "insertions": 19,
        "deletions": 13,
        "date": "2019-04-17",
        "commitResults": [
          {
            "hash": "ca37cdc436df8b2386422859f769ba7f9691fdb2",
            "message": "#1885 Update UG for ColorsLab and ShortcutsLab (#97)",
            "insertions": 19,
            "deletions": 13
          }
        ]
      }
    ],
    "YuPeiHenry": [
      {
        "insertions": 4,
        "deletions": 4,
        "date": "2019-04-16",
        "commitResults": [
          {
            "hash": "014419882ebdc8712d1b02f17f59d2c2d6778ace",
            "message": "#1888 Update Shapes Lab UserGuide (#96)",
            "insertions": 4,
            "deletions": 4
          }
        ]
      }
    ]
  },
  "authorFinalContributionMap": {
    "ChesterSng": 30,
    "blewjy": 187,
    "YuPeiHenry": 4
  },
  "authorFileFormatContributionMap": {
    "ChesterSng": {
      "html": 2,
      "js": 0,
      "css": 0,
      "cs": 0,
      "md": 28
    },
    "blewjy": {
      "html": 55,
      "js": 0,
      "css": 0,
      "cs": 0,
      "md": 132
    },
    "YuPeiHenry": {
      "html": 0,
      "js": 0,
      "css": 0,
      "cs": 0,
      "md": 4
    }
  },
  "authorContributionVariance": {
    "ChesterSng": 5.769008,
    "blewjy": 160.86165,
    "YuPeiHenry": 0.46040747
  },
  "authorDisplayNameMap": {
    "ChesterSng": "CHESTER",
    "blewjy": "BRYAN",
    "YuPeiHenry": "HENRY"
  }
}
