{
  "authorDailyContributionsMap": {
    "fzdy1914": [
      {
        "insertions": 4,
        "deletions": 3,
        "date": "2019-02-12",
        "commitResults": [
          {
            "hash": "88907c5e43cf9842ac9ba742fb46a951e2c10a4f",
            "message": "Issue #6381: Incorrect warning for empty lambda bodies with google_checks.xml",
            "insertions": 4,
            "deletions": 3
          }
        ]
      },
      {
        "insertions": 8,
        "deletions": 11,
        "date": "2019-02-17",
        "commitResults": [
          {
            "hash": "0c25f728763ca81d8d8b9c06b7fc9c3549bca516",
            "message": "Issue #6083: Add Limitation in index.xml.vm",
            "insertions": 8,
            "deletions": 11
          }
        ]
      },
      {
        "insertions": 1,
        "deletions": 0,
        "date": "2019-02-18",
        "commitResults": [
          {
            "hash": "287e1edc41038cdcceb463b4bf77af363f73854e",
            "message": "doc: add File Filter section in extending.xml",
            "insertions": 1,
            "deletions": 0
          }
        ]
      },
      {
        "insertions": 24,
        "deletions": 9,
        "date": "2019-03-04",
        "commitResults": [
          {
            "hash": "2be5521faf9a5457eacc8fa9b4bf0eb787911adb",
            "message": "Issue #6345: RightCurly with option alone false negative for class, method and constructor",
            "insertions": 24,
            "deletions": 9
          }
        ]
      },
      {
        "insertions": 10,
        "deletions": 1,
        "date": "2019-03-31",
        "commitResults": [
          {
            "hash": "24bcb4837bf4b2905e886c0141a19c4d09abba4f",
            "message": "Issue #6367: Improve pitest coverage for RightCurly",
            "insertions": 10,
            "deletions": 1
          }
        ]
      },
      {
        "insertions": 2,
        "deletions": 1,
        "date": "2019-04-03",
        "commitResults": [
          {
            "hash": "83f5ae68d3360561cf932f4af7ecb949168bd0f7",
            "message": "Issue #6345: Fix improper RightCurly to follow code style",
            "insertions": 2,
            "deletions": 1
          }
        ]
      }
    ]
  },
  "authorFinalContributionMap": {
    "fzdy1914": 48
  },
  "authorFileFormatContributionMap": {
    "fzdy1914": {
      "java": 38,
      "vm": 7,
      "xml": 3,
      "sh": 0
    }
  },
  "authorContributionVariance": {
    "fzdy1914": 12.789007
  },
  "authorDisplayNameMap": {
    "fzdy1914": "WANG CHAO"
  }
}
