{
  "authorDailyContributionsMap": {
    "ChooJeremy": [
      {
        "insertions": 4,
        "deletions": 3,
        "date": "2019-01-31",
        "commitResults": [
          {
            "hash": "59140b3e65d47b00328c1506eded42b37e9aa951",
            "message": "Add system message when thimblerig is moved",
            "insertions": 2,
            "deletions": 1
          },
          {
            "hash": "0979d0899e013a32a5e37520f69d3809bfafd1f2",
            "message": "Updated thimblerig message to be more clear",
            "insertions": 2,
            "deletions": 2
          }
        ]
      },
      {
        "insertions": 2,
        "deletions": 1,
        "date": "2019-02-04",
        "commitResults": [
          {
            "hash": "cb209e375813e8292b37c01ed290e837ae694e35",
            "message": "Fix research grant to work with team sponsorship",
            "insertions": 2,
            "deletions": 1
          }
        ]
      },
      {
        "insertions": 42,
        "deletions": 20,
        "date": "2019-02-10",
        "commitResults": [
          {
            "hash": "5dde3526e87559dd1c3e222ac81a6722f8f3b220",
            "message": "Fix MTI message and added toast",
            "insertions": 7,
            "deletions": 3
          },
          {
            "hash": "a340ea2cfbfb2f11117327edf41dfab38ee55623",
            "message": "Added test for single research grant",
            "insertions": 5,
            "deletions": 0
          },
          {
            "hash": "d1fd8e075dcee0bc852cd73e92f75ad59ba44ba3",
            "message": "Added test for 3x research grant and team sponsorship",
            "insertions": 13,
            "deletions": 0
          },
          {
            "hash": "fff7973b6d02760b48af8d2627a9662bd9892475",
            "message": "MTI toast now only shows while ability is available",
            "insertions": 17,
            "deletions": 17
          }
        ]
      },
      {
        "insertions": 19,
        "deletions": 19,
        "date": "2019-02-27",
        "commitResults": [
          {
            "hash": "53d8fc5a91ebee2d8b98656a46b81794491741d9",
            "message": "Changed trigger-event to can-trigger?",
            "insertions": 18,
            "deletions": 17
          },
          {
            "hash": "78f7c7beb11598273d801003a35b761afb576564",
            "message": "Removed extra test message",
            "insertions": 1,
            "deletions": 2
          }
        ]
      }
    ]
  },
  "authorFinalContributionMap": {
    "ChooJeremy": 27
  },
  "authorFileFormatContributionMap": {
    "ChooJeremy": {
      "clj": 27,
      "cljs": 0,
      "styl": 0,
      "cljc": 0,
      "edn": 0,
      "yml": 0,
      "conf": 0
    }
  },
  "authorContributionVariance": {
    "ChooJeremy": 58.539837
  },
  "authorDisplayNameMap": {
    "ChooJeremy": "JEREMY"
  }
}
