{
  "authorDailyContributionsMap": {
    "YuPeiHenry": [
      {
        "insertions": 19,
        "deletions": 0,
        "date": "2019-02-26",
        "commitResults": [
          {
            "hash": "b42e08e517f2393eb57a0df0e1ffe0ee8d1a63d9",
            "message": "Fix residual empty directory when clone fails.",
            "insertions": 1,
            "deletions": 0
          },
          {
            "hash": "9d4235a740b649852138ddad21bc2257d8c791a8",
            "message": "Add test for empty directory on clone fail.",
            "insertions": 18,
            "deletions": 0
          }
        ]
      },
      {
        "insertions": 7,
        "deletions": 9,
        "date": "2019-02-27",
        "commitResults": [
          {
            "hash": "894875e4ef537fb3ac81a776036b17a6cecd649c",
            "message": "GitHub.App RepositoryCloneService: Move log error.",
            "insertions": 1,
            "deletions": 1
          },
          {
            "hash": "c6c14372fdd43025a8c8bebb4b93e1d4b4d14650",
            "message": "RepositoryCloneServiceTests:Rewrite test for readability.",
            "insertions": 6,
            "deletions": 8
          }
        ]
      },
      {
        "insertions": 79,
        "deletions": 16,
        "date": "2019-04-04",
        "commitResults": [
          {
            "hash": "7c998ec26d09ee4f494c2e06cfa589d81685d866",
            "message": "Enable clone and disable open button on empty dir.",
            "insertions": 21,
            "deletions": 2
          },
          {
            "hash": "b7cd42581525f933a9edcfa2ce96c338a8a43575",
            "message": "Add support for cloning into empty dir.",
            "insertions": 1,
            "deletions": 1
          },
          {
            "hash": "1618a86e414be286fe6a758581cb6e9aa858e530",
            "message": "Add tests for CloneService with empty directory.",
            "insertions": 20,
            "deletions": 3
          },
          {
            "hash": "43b5ef668db46470d00741d921359c658ee0b4eb",
            "message": "RepositoryCloneViewModel: Combine if condition.",
            "insertions": 1,
            "deletions": 6
          },
          {
            "hash": "933a1057a7662ca90651093d923f0efe9cd68573",
            "message": "Add tests for RespositoryCloneViewModel on empty directory.",
            "insertions": 28,
            "deletions": 0
          },
          {
            "hash": "37b05a7fcc129a029e4931bbf9785615ea862ae9",
            "message": "Ammend some tests in RepositoryCloneServiceTests to not use data.",
            "insertions": 8,
            "deletions": 4
          }
        ]
      },
      {
        "insertions": 24,
        "deletions": 22,
        "date": "2019-04-07",
        "commitResults": [
          {
            "hash": "473373c3db5b0f2c4a24d305791463e9f8d5a047",
            "message": "Update error message for non-empty directory.",
            "insertions": 24,
            "deletions": 22
          }
        ]
      }
    ]
  },
  "authorFinalContributionMap": {
    "YuPeiHenry": 87
  },
  "authorFileFormatContributionMap": {
    "YuPeiHenry": {
      "cs": 87
    }
  },
  "authorContributionVariance": {
    "YuPeiHenry": 89.96875
  },
  "authorDisplayNameMap": {
    "YuPeiHenry": "HENRY"
  }
}
