{
  "authorDailyContributionsMap": {
    "Xenonym": [
      {
        "insertions": 1,
        "deletions": 1,
        "date": "2019-02-08",
        "commitResults": [
          {
            "hash": "8206912468983021effdc12bf5ec016e32588ace",
            "message": "Panel: do not decamelize anchor headings (#95)",
            "insertions": 1,
            "deletions": 1
          }
        ]
      },
      {
        "insertions": 21,
        "deletions": 1,
        "date": "2019-02-18",
        "commitResults": [
          {
            "hash": "5ebda0185a2bf32f5febdd6d59b91e722bae785e",
            "message": "Use :prefix-name: syntax for icon fonts in \u003cpanel\u003e headings (#97)",
            "insertions": 21,
            "deletions": 1
          }
        ]
      },
      {
        "insertions": 129,
        "deletions": 147,
        "date": "2019-04-01",
        "commitResults": [
          {
            "hash": "f9e308e5c7f057277feb90a2cb333f9615110a30",
            "message": "Update dist",
            "insertions": 129,
            "deletions": 147
          }
        ]
      }
    ],
    "marvinchin": [
      {
        "insertions": 9,
        "deletions": 0,
        "date": "2019-02-25",
        "commitResults": [
          {
            "hash": "d1cbef199c6aaa4428afef00e44f7f14075c6a21",
            "message": "Searchbar: Add algolia key (#99)",
            "insertions": 9,
            "deletions": 0
          }
        ]
      },
      {
        "insertions": 5,
        "deletions": 1,
        "date": "2019-04-02",
        "commitResults": [
          {
            "hash": "086584bbffecbd3da8093adc14204f29b4ab9f4b",
            "message": "Increase z-index of dropdown menu (#103)",
            "insertions": 5,
            "deletions": 1
          }
        ]
      },
      {
        "insertions": 3,
        "deletions": 10,
        "date": "2019-04-11",
        "commitResults": [
          {
            "hash": "666223b2e845924d53fd50d6252767512c4d8f54",
            "message": "Remove page-front class from dropdown and typeahead (#104)",
            "insertions": 3,
            "deletions": 10
          }
        ]
      }
    ],
    "sijie123": [],
    "luyangkenneth": [
      {
        "insertions": 2,
        "deletions": 2,
        "date": "2019-02-11",
        "commitResults": [
          {
            "hash": "f0d1ac29e99bf4c64a51cbee2b8b84113afd75fd",
            "message": "Seamless panels: omit caret if not expandable (#96)",
            "insertions": 2,
            "deletions": 2
          }
        ]
      },
      {
        "insertions": 15,
        "deletions": 8,
        "date": "2019-04-01",
        "commitResults": [
          {
            "hash": "cfcfd10f33d3214fe1d35574ece7ef4c8a192a76",
            "message": "Improve color theme selection for navbars (#102)",
            "insertions": 15,
            "deletions": 8
          }
        ]
      }
    ],
    "amad-person": []
  },
  "authorFinalContributionMap": {
    "Xenonym": 22,
    "marvinchin": 9,
    "sijie123": 0,
    "luyangkenneth": 16,
    "amad-person": 0
  },
  "authorFileFormatContributionMap": {
    "Xenonym": {
      "java": 0,
      "js": 15,
      "css": 0,
      "json": 6,
      "md": 0,
      "py": 0,
      "vue": 1
    },
    "marvinchin": {
      "java": 0,
      "js": 0,
      "css": 0,
      "json": 0,
      "md": 0,
      "py": 0,
      "vue": 9
    },
    "sijie123": {
      "java": 0,
      "js": 0,
      "css": 0,
      "json": 0,
      "md": 0,
      "py": 0,
      "vue": 0
    },
    "luyangkenneth": {
      "java": 0,
      "js": 0,
      "css": 0,
      "json": 0,
      "md": 0,
      "py": 0,
      "vue": 16
    },
    "amad-person": {
      "java": 0,
      "js": 0,
      "css": 0,
      "json": 0,
      "md": 0,
      "py": 0,
      "vue": 0
    }
  },
  "authorContributionVariance": {
    "Xenonym": 575.62244,
    "marvinchin": 2.1216722,
    "sijie123": 0.0,
    "luyangkenneth": 4.086947,
    "amad-person": 0.0
  },
  "authorDisplayNameMap": {
    "Xenonym": "ZHEN YONG",
    "marvinchin": "MARVIN",
    "sijie123": "SI JIE",
    "luyangkenneth": "KENNETH",
    "amad-person": "AADYAA"
  }
}
