{
  "authorDailyContributionsMap": {
    "emer7": [
      {
        "insertions": 7,
        "deletions": 0,
        "date": "2019-01-29",
        "commitResults": [
          {
            "hash": "44270095479393a868fb143d5d365afc433fa06f",
            "message": "Add sentry caught exception in service worker #1292 (#1483)",
            "insertions": 7,
            "deletions": 0
          }
        ]
      }
    ],
    "amrut-prabhu": [
      {
        "insertions": 162,
        "deletions": 31,
        "date": "2019-03-01",
        "commitResults": [
          {
            "hash": "941d78c0260f27d15ab1952af22a2024d141d150",
            "message": "Add highlight search period in Venues page (#1583)",
            "insertions": 162,
            "deletions": 31
          }
        ]
      },
      {
        "insertions": 565,
        "deletions": 581,
        "date": "2019-03-27",
        "commitResults": [
          {
            "hash": "b6ab1f208cc935e19c92a4ba59f16cc33530e71b",
            "message": "Clean up cyclic references (#1636)",
            "insertions": 565,
            "deletions": 581
          }
        ]
      }
    ]
  },
  "authorFinalContributionMap": {
    "emer7": 7,
    "amrut-prabhu": 702
  },
  "authorFileFormatContributionMap": {
    "emer7": {
      "js": 7,
      "ts": 0,
      "tsx": 0,
      "scss": 0
    },
    "amrut-prabhu": {
      "js": 0,
      "ts": 445,
      "tsx": 241,
      "scss": 16
    }
  },
  "authorContributionVariance": {
    "emer7": 0.41522324,
    "amrut-prabhu": 11412.315
  },
  "authorDisplayNameMap": {
    "emer7": "GILBERT",
    "amrut-prabhu": "AMRUT"
  }
}
