{
  "authorDailyContributionsMap": {
    "Andrea Thniah": [
      {
        "insertions": 4,
        "deletions": 0,
        "date": "2018-12-16",
        "commitResults": [
          {
            "hash": "cfa57ba645ae86a3ff9caef57b37c4d0fb046a43",
            "message": "Add some personality to error pages (#1258)",
            "insertions": 4,
            "deletions": 0
          }
        ]
      }
    ],
    "Monika Manuela Hengki": [
      {
        "insertions": 49,
        "deletions": 0,
        "date": "2019-01-14",
        "commitResults": [
          {
            "hash": "180f3fb236f9d408f02231447988c58c9be8a4ea",
            "message": "Contribute page (#1333)",
            "insertions": 49,
            "deletions": 0
          }
        ]
      }
    ],
    "Zhang Yi Jiang": [
      {
        "insertions": 95,
        "deletions": 0,
        "date": "2018-12-05",
        "commitResults": [
          {
            "hash": "5af602ececd3181fa1dab9ff5151b20a33c50c52",
            "message": "Fix venue name capitalizations (#1309)",
            "insertions": 95,
            "deletions": 0
          }
        ]
      },
      {
        "insertions": 12,
        "deletions": 1,
        "date": "2018-12-07",
        "commitResults": [
          {
            "hash": "cb2bc0baac35dc4c7bb75e47fa4c1044c4a42e75",
            "message": "Ignore e2e test code for code coverage",
            "insertions": 1,
            "deletions": 0
          },
          {
            "hash": "846118631dca6d6b284e67312ee84df9ccf88249",
            "message": "Improve Mamoto error handling",
            "insertions": 11,
            "deletions": 1
          }
        ]
      },
      {
        "insertions": 104,
        "deletions": 1,
        "date": "2018-12-09",
        "commitResults": [
          {
            "hash": "2e3ec4cee370aeff4cabd3b1594c990809e5c6da",
            "message": "Fix calendar month display bug (#1320)",
            "insertions": 12,
            "deletions": 1
          },
          {
            "hash": "d107d2893ebf1031c5617f1c102b7e773feb8e94",
            "message": "Add async tooltip component  (#1314)",
            "insertions": 92,
            "deletions": 0
          }
        ]
      },
      {
        "insertions": 158,
        "deletions": 92,
        "date": "2018-12-11",
        "commitResults": [
          {
            "hash": "ea3fe6d5d169284aeed2e4bf216f343b10965b47",
            "message": "Today page map  (#1313)",
            "insertions": 158,
            "deletions": 92
          }
        ]
      },
      {
        "insertions": 235,
        "deletions": 38,
        "date": "2018-12-12",
        "commitResults": [
          {
            "hash": "3085d9ffa9475b5f30561bdc47d01c71b24a5e93",
            "message": "Implement archive page for previously mounted modules  (#1098)",
            "insertions": 235,
            "deletions": 38
          }
        ]
      },
      {
        "insertions": 71,
        "deletions": 29,
        "date": "2018-12-13",
        "commitResults": [
          {
            "hash": "3e712d251551f0965925347de086345110643bef",
            "message": "Tooltip ALL THE THINGS (#1330)",
            "insertions": 5,
            "deletions": 5
          },
          {
            "hash": "6950dd6d080aa14a4710031abfb7032ccfc98d0e",
            "message": "Add CORS data for 18/19 S2 (#1331)",
            "insertions": 3,
            "deletions": 1
          },
          {
            "hash": "f520d82e9622bd5cf9b3645ebbef1321d33d0291",
            "message": "Add tracking for theme and beta (#1328)",
            "insertions": 63,
            "deletions": 23
          }
        ]
      },
      {
        "insertions": 36,
        "deletions": 1,
        "date": "2018-12-15",
        "commitResults": [
          {
            "hash": "11de3be6492a59f2e9e890769022b22ce2b71290",
            "message": "Group empty days together and add icons on Today page (#1332)",
            "insertions": 36,
            "deletions": 1
          }
        ]
      },
      {
        "insertions": 150,
        "deletions": 58,
        "date": "2018-12-16",
        "commitResults": [
          {
            "hash": "fa8fdeef4584cf2c865e6e6cc7c6410e7dd05964",
            "message": "Improve update notification (#1321)",
            "insertions": 55,
            "deletions": 3
          },
          {
            "hash": "74a7d687aa9c72285c6a6ccc32c840947a84bb73",
            "message": "Add \"adding\" indicator to modules being added (#1316)",
            "insertions": 44,
            "deletions": 24
          },
          {
            "hash": "787d206bb3ff828af2f7771f536b0b180a719c62",
            "message": "Fix fetchModule promise rejection",
            "insertions": 51,
            "deletions": 31
          }
        ]
      },
      {
        "insertions": 22,
        "deletions": 9,
        "date": "2018-12-20",
        "commitResults": [
          {
            "hash": "f95cee6a73cb5693eb99ba7985634bdb11a62620",
            "message": "Add Yale-NUS venue names (#1337)",
            "insertions": 22,
            "deletions": 9
          }
        ]
      },
      {
        "insertions": 1,
        "deletions": 33,
        "date": "2018-12-24",
        "commitResults": [
          {
            "hash": "ca2823c49895fe89f5a191062d6f6ad752338181",
            "message": "Desktop today page layout  (#1339)",
            "insertions": 1,
            "deletions": 0
          },
          {
            "hash": "ba9cbd2edda8823c2daf30066e0a28d74cc46e4c",
            "message": "Remove Google Analytics (#1346)",
            "insertions": 0,
            "deletions": 33
          }
        ]
      },
      {
        "insertions": 148,
        "deletions": 338,
        "date": "2019-01-09",
        "commitResults": [
          {
            "hash": "f45dda89b1b5f4569441fb2d5a2083a5216cc5a0",
            "message": "Upgrade Sentry (#1338)",
            "insertions": 148,
            "deletions": 338
          }
        ]
      },
      {
        "insertions": 44,
        "deletions": 24,
        "date": "2019-01-14",
        "commitResults": [
          {
            "hash": "d7386616de93092e451d8ffaf81fcb3d51cf8ed6",
            "message": "Try to fix custom tracking (#1404)",
            "insertions": 44,
            "deletions": 24
          }
        ]
      },
      {
        "insertions": 960,
        "deletions": 11,
        "date": "2019-01-15",
        "commitResults": [
          {
            "hash": "7ef0f1813943c4e2f61037601ce6d3c8d4b37a15",
            "message": "Prototype module planner (#1383)",
            "insertions": 960,
            "deletions": 11
          }
        ]
      },
      {
        "insertions": 32,
        "deletions": 406,
        "date": "2019-01-22",
        "commitResults": [
          {
            "hash": "4975533a46d981639fdb557f6b5b5a4c1af6ae5d",
            "message": "Use server GitHub proxy and refactor contributor loading logic  (#1425)",
            "insertions": 31,
            "deletions": 20
          },
          {
            "hash": "fce1c5952aa5a2d42ba094cad7c82d90b90a35d4",
            "message": "Remove CORS settings and notifications  (#1464)",
            "insertions": 1,
            "deletions": 386
          }
        ]
      },
      {
        "insertions": 369,
        "deletions": 2,
        "date": "2019-01-23",
        "commitResults": [
          {
            "hash": "2b89a79684876f38c31402813184397d1293bea7",
            "message": "Fix holiday exclusion rules",
            "insertions": 1,
            "deletions": 2
          },
          {
            "hash": "5ddd876162fd2053e2faca685ddc280acddf0ab9",
            "message": "Modtris - Tetris in NUSMods  (#1449)",
            "insertions": 368,
            "deletions": 0
          }
        ]
      },
      {
        "insertions": 8958,
        "deletions": 0,
        "date": "2019-01-25",
        "commitResults": [
          {
            "hash": "14a998841fa4a67f6e1aa0b300a388ab2f073d28",
            "message": "Scraper V2 infrastructure (#1476)",
            "insertions": 8958,
            "deletions": 0
          }
        ]
      },
      {
        "insertions": 535,
        "deletions": 96,
        "date": "2019-01-31",
        "commitResults": [
          {
            "hash": "3327f498a15635872e3a454ebb37716c79817e84",
            "message": "Add settings for start and end academic years  (#1444)",
            "insertions": 226,
            "deletions": 64
          },
          {
            "hash": "968852d93370889880f5fc120aba60c1e339d0f6",
            "message": "Add checks for semester, exam clashes and missing info in planner (#1445)",
            "insertions": 309,
            "deletions": 32
          }
        ]
      },
      {
        "insertions": 65,
        "deletions": 37,
        "date": "2019-02-03",
        "commitResults": [
          {
            "hash": "cd9c718f6f2437f6183bee37d911b131a315ae5d",
            "message": "New logo and add SVGR loader  (#1466)",
            "insertions": 65,
            "deletions": 37
          }
        ]
      },
      {
        "insertions": 304,
        "deletions": 78,
        "date": "2019-02-05",
        "commitResults": [
          {
            "hash": "3946bcd6035bc11823cf554465284ccc0a8c43d1",
            "message": "Add custom planner module data (#1510)",
            "insertions": 226,
            "deletions": 78
          },
          {
            "hash": "56b5582f4750da8094631deea6dc6f07b13cb417",
            "message": "Update venues from POI database and add student contributions via script (#1502)",
            "insertions": 78,
            "deletions": 0
          }
        ]
      },
      {
        "insertions": 178,
        "deletions": 4,
        "date": "2019-02-07",
        "commitResults": [
          {
            "hash": "81a5a33da160ef9a0f3fe94989fa37a28381561b",
            "message": "Display bus stop location and arrival time on the map (#1524)",
            "insertions": 172,
            "deletions": 2
          },
          {
            "hash": "3e30f4acbb3d3da0964a9fde4a47944213b834d6",
            "message": "Fix test errors caused by SVG mock (#1528)",
            "insertions": 6,
            "deletions": 2
          }
        ]
      },
      {
        "insertions": 2,
        "deletions": 2,
        "date": "2019-02-09",
        "commitResults": [
          {
            "hash": "11b4d106a5d83db242cc07f0cb946e1182dea23f",
            "message": "Upgrade to Node 10  (#1274)",
            "insertions": 2,
            "deletions": 2
          }
        ]
      },
      {
        "insertions": 1,
        "deletions": 0,
        "date": "2019-02-16",
        "commitResults": [
          {
            "hash": "2ec0d93645943a1d2e7cb24d96bbeceac43c8172",
            "message": "Update sitemap",
            "insertions": 1,
            "deletions": 0
          }
        ]
      },
      {
        "insertions": 149,
        "deletions": 8886,
        "date": "2019-03-02",
        "commitResults": [
          {
            "hash": "f06396e7ff5e02c49280ce8b201b48031c9dd34c",
            "message": "Remove forever from Export and add pm2 config file  (#1594)",
            "insertions": 22,
            "deletions": 0
          },
          {
            "hash": "bd7404efe20e4c2ac1515ab90945c4cb324fe747",
            "message": "Add staging config",
            "insertions": 1,
            "deletions": 0
          },
          {
            "hash": "401896a2307a971d0864cb9c9024fd737ec7d4bf",
            "message": "Use same config file for both staging and prod",
            "insertions": 26,
            "deletions": 18
          },
          {
            "hash": "7c329f6f54b15edb3fbb588ad589ac14e65ca776",
            "message": "NUS Scraper v2 (#1482)",
            "insertions": 100,
            "deletions": 8868
          }
        ]
      },
      {
        "insertions": 21,
        "deletions": 2,
        "date": "2019-03-11",
        "commitResults": [
          {
            "hash": "77f594cae7f09f530aef63eb4e48a78280211fc1",
            "message": "Add purgeOnError option for Workbox and remove ModuleConcatenationPlugin (#1612)",
            "insertions": 2,
            "deletions": 2
          },
          {
            "hash": "57891343da9ba6e6470be819fb100cfa59174660",
            "message": "Update scraper with new URLs and improve configs (#1605)",
            "insertions": 19,
            "deletions": 0
          }
        ]
      },
      {
        "insertions": 185,
        "deletions": 42,
        "date": "2019-03-15",
        "commitResults": [
          {
            "hash": "c0723d60d9783ed383c99592b7101d36cd7f143a",
            "message": "Update frontend and export for scraper v2  (#1554)",
            "insertions": 54,
            "deletions": 41
          },
          {
            "hash": "314a93e0087f0f06f5f2ec8cb3a7b5c0aa3b3f61",
            "message": "Fix scraper pm2 config",
            "insertions": 1,
            "deletions": 1
          },
          {
            "hash": "89b1c5acfbf021cb2a77b9b7b4ce5e101e140484",
            "message": "Add Swagger docs for API v2 (#1613)",
            "insertions": 130,
            "deletions": 0
          }
        ]
      },
      {
        "insertions": 6,
        "deletions": 0,
        "date": "2019-03-16",
        "commitResults": [
          {
            "hash": "d4465f0dc9c326a225548992b2d218c7ff26f615",
            "message": "Upgrade to React 16.8 (#1618)",
            "insertions": 6,
            "deletions": 0
          }
        ]
      },
      {
        "insertions": 2,
        "deletions": 0,
        "date": "2019-03-20",
        "commitResults": [
          {
            "hash": "963ddb9f59db32565d82a508923dae8954f5bc7d",
            "message": "Add module attributes to API (#1630)",
            "insertions": 2,
            "deletions": 0
          }
        ]
      }
    ],
    "Amrut Prabhu": [
      {
        "insertions": 0,
        "deletions": 3,
        "date": "2019-03-27",
        "commitResults": [
          {
            "hash": "b6ab1f208cc935e19c92a4ba59f16cc33530e71b",
            "message": "Clean up cyclic references (#1636)",
            "insertions": 0,
            "deletions": 3
          }
        ]
      }
    ],
    "Julius S": [
      {
        "insertions": 8,
        "deletions": 1,
        "date": "2019-01-16",
        "commitResults": [
          {
            "hash": "55f15533019e44f34993ff9081f1f98a0252fd5c",
            "message": "Downshift retain values (#1395)",
            "insertions": 8,
            "deletions": 1
          }
        ]
      }
    ],
    "Raad": [
      {
        "insertions": 243,
        "deletions": 10,
        "date": "2018-12-07",
        "commitResults": [
          {
            "hash": "3c3acca7ad5626a50f2de89f572293d5834ade39",
            "message": "Implement cache eviction logic for moduleBank (#1260)",
            "insertions": 243,
            "deletions": 10
          }
        ]
      }
    ],
    "renovate[bot]": [
      {
        "insertions": 2,
        "deletions": 2,
        "date": "2019-01-10",
        "commitResults": [
          {
            "hash": "99fc066b2b11d60a06e01440f6b6e0a83c061c6e",
            "message": "Update dependency immutability-helper to v2.9.0 (#1378)",
            "insertions": 2,
            "deletions": 2
          }
        ]
      },
      {
        "insertions": 9,
        "deletions": 8,
        "date": "2019-01-15",
        "commitResults": [
          {
            "hash": "75c1f7f7f99d32b55d8fadc489174cdb18ad8822",
            "message": "Update dependency prettier to v1.15.3 (#1324)",
            "insertions": 7,
            "deletions": 7
          },
          {
            "hash": "8bda72082d039759df84edf3b96f3103443bd90c",
            "message": "Update dependency date-fns to v2.0.0-alpha.27 (#1417)",
            "insertions": 2,
            "deletions": 1
          }
        ]
      },
      {
        "insertions": 19,
        "deletions": 711,
        "date": "2019-01-22",
        "commitResults": [
          {
            "hash": "d9872dcb38b66d8cc2ac36a034eaf2cf66d3100d",
            "message": "Update dependency react-leaflet to v2.2.0 (#1457)",
            "insertions": 19,
            "deletions": 711
          }
        ]
      }
    ],
    "Ang Wei Neng": [],
    "Abilash Menon": [
      {
        "insertions": 85,
        "deletions": 6,
        "date": "2018-12-07",
        "commitResults": [
          {
            "hash": "f87da8bc6214d9407fd9bfcf22df3c27accae591",
            "message": "Validate shared module codes before trying to fetch them (#1261)",
            "insertions": 85,
            "deletions": 6
          }
        ]
      }
    ],
    "Gilbert Emerson": [
      {
        "insertions": 7,
        "deletions": 0,
        "date": "2019-01-29",
        "commitResults": [
          {
            "hash": "44270095479393a868fb143d5d365afc433fa06f",
            "message": "Add sentry caught exception in service worker #1292 (#1483)",
            "insertions": 7,
            "deletions": 0
          }
        ]
      }
    ],
    "Kai Li": [
      {
        "insertions": 83,
        "deletions": 80,
        "date": "2019-02-10",
        "commitResults": [
          {
            "hash": "3c8b36e51e5f9c1eb87f5da5f03a4115b84bef65",
            "message": "Upgrade dev dependencies (#1533)",
            "insertions": 83,
            "deletions": 80
          }
        ]
      },
      {
        "insertions": 153,
        "deletions": 35811,
        "date": "2019-02-12",
        "commitResults": [
          {
            "hash": "02d9abf1e8bdc60c9a48fd616db68cff917deb31",
            "message": "Migrate www to typescript (#1537)",
            "insertions": 153,
            "deletions": 35811
          }
        ]
      },
      {
        "insertions": 260,
        "deletions": 104,
        "date": "2019-02-15",
        "commitResults": [
          {
            "hash": "7acf009c3b757742668d978301d78a562874b99e",
            "message": "Upgrade dev dependencies (#1551)",
            "insertions": 3,
            "deletions": 54
          },
          {
            "hash": "08fa7d5643f8efc2a093f938651f5e5f1c88d274",
            "message": "Update stylelint order (#1559)",
            "insertions": 257,
            "deletions": 49
          },
          {
            "hash": "1ee958a0dc2a3a9b228f5b34f90e607d33b09ff8",
            "message": "Update misc configuration (#1552)",
            "insertions": 0,
            "deletions": 1
          }
        ]
      }
    ],
    "Marouane R": [
      {
        "insertions": 24,
        "deletions": 2,
        "date": "2018-12-11",
        "commitResults": [
          {
            "hash": "4fa0fa616dba748a12f1abb85fe64cbc82f84a5b",
            "message": "Add a tombstone component to the modules table (instead of snackbar) (#1231)",
            "insertions": 24,
            "deletions": 2
          }
        ]
      }
    ],
    "Rahul Rajesh": [
      {
        "insertions": 5,
        "deletions": 0,
        "date": "2019-03-30",
        "commitResults": [
          {
            "hash": "c34f27ebb661bb09acb6a42577e7fcc8a29fa6c9",
            "message": "Replace use of immutability-helper with immer (#1593)",
            "insertions": 5,
            "deletions": 0
          }
        ]
      }
    ],
    "Daryl Chan": [],
    "E-Liang Tan": [
      {
        "insertions": 134,
        "deletions": 42,
        "date": "2019-02-05",
        "commitResults": [
          {
            "hash": "84f5723762e3a9129bb4d5d05a6b17f2e26ee658",
            "message": "[nusmoderator] Upgrade deps and add support for Node 10 (#1520)",
            "insertions": 13,
            "deletions": 10
          },
          {
            "hash": "81681caa0f4088ff41abab7c2b4803048933db20",
            "message": "[nusmoderator] Integrate Prettier (#1521)",
            "insertions": 121,
            "deletions": 32
          }
        ]
      },
      {
        "insertions": 3,
        "deletions": 2,
        "date": "2019-02-08",
        "commitResults": [
          {
            "hash": "e31c510556d499a4903e0ac153548259bf0ec90e",
            "message": "Upgrade API server deps to support Node 10 (#1522)",
            "insertions": 3,
            "deletions": 2
          }
        ]
      }
    ],
    "David Goh": [
      {
        "insertions": 63,
        "deletions": 58,
        "date": "2019-03-10",
        "commitResults": [
          {
            "hash": "9c5394096a6a706e01b7968a15625e23615236ca",
            "message": "Automate calculation of start date of academic year (#1526)",
            "insertions": 63,
            "deletions": 58
          }
        ]
      }
    ]
  },
  "authorFinalContributionMap": {
    "Andrea Thniah": 0,
    "Monika Manuela Hengki": 0,
    "Zhang Yi Jiang": 721,
    "Amrut Prabhu": 0,
    "Julius S": 0,
    "Raad": 0,
    "renovate[bot]": 1,
    "Ang Wei Neng": 0,
    "Abilash Menon": 0,
    "Gilbert Emerson": 7,
    "Kai Li": 472,
    "Marouane R": 0,
    "Rahul Rajesh": 5,
    "Daryl Chan": 0,
    "E-Liang Tan": 131,
    "David Goh": 59
  },
  "authorFileFormatContributionMap": {
    "Andrea Thniah": {
      "js": 0
    },
    "Monika Manuela Hengki": {
      "js": 0
    },
    "Zhang Yi Jiang": {
      "js": 721
    },
    "Amrut Prabhu": {
      "js": 0
    },
    "Julius S": {
      "js": 0
    },
    "Raad": {
      "js": 0
    },
    "renovate[bot]": {
      "js": 1
    },
    "Ang Wei Neng": {
      "js": 0
    },
    "Abilash Menon": {
      "js": 0
    },
    "Gilbert Emerson": {
      "js": 7
    },
    "Kai Li": {
      "js": 472
    },
    "Marouane R": {
      "js": 0
    },
    "Rahul Rajesh": {
      "js": 5
    },
    "Daryl Chan": {
      "js": 0
    },
    "E-Liang Tan": {
      "js": 131
    },
    "David Goh": {
      "js": 59
    }
  },
  "authorContributionVariance": {
    "Andrea Thniah": 0.13222215,
    "Monika Manuela Hengki": 19.841606,
    "Zhang Yi Jiang": 1331858.2,
    "Amrut Prabhu": 0.07437499,
    "Julius S": 0.6693737,
    "Raad": 528.9635,
    "renovate[bot]": 4404.219,
    "Ang Wei Neng": 0.0,
    "Abilash Menon": 68.43338,
    "Gilbert Emerson": 0.40493053,
    "Kai Li": 1.0687245E7,
    "Marouane R": 5.586381,
    "Rahul Rajesh": 0.20659724,
    "Daryl Chan": 0.0,
    "E-Liang Tan": 256.06674,
    "David Goh": 120.99158
  },
  "authorDisplayNameMap": {
    "Andrea Thniah": "Andrea Thniah",
    "Monika Manuela Hengki": "Monika Manuela Hengki",
    "Zhang Yi Jiang": "Zhang Yi Jiang",
    "Amrut Prabhu": "Amrut Prabhu",
    "Julius S": "Julius S",
    "Raad": "Raad",
    "renovate[bot]": "renovate[bot]",
    "Ang Wei Neng": "Ang Wei Neng",
    "Abilash Menon": "Abilash Menon",
    "Gilbert Emerson": "Gilbert Emerson",
    "Kai Li": "Kai Li",
    "Marouane R": "Marouane R",
    "Rahul Rajesh": "Rahul Rajesh",
    "Daryl Chan": "Daryl Chan",
    "E-Liang Tan": "E-Liang Tan",
    "David Goh": "David Goh"
  }
}
