{
  "authorDailyContributionsMap": {
    "ongspxm": [
      {
        "insertions": 3,
        "deletions": 3,
        "date": "2019-03-10",
        "commitResults": [
          {
            "hash": "a359c226f6e0c5e60474573f75d57c6de235da55",
            "message": "throw err when data size too big for largest qr code",
            "insertions": 2,
            "deletions": 2
          },
          {
            "hash": "ab94fd71f027f86f45fc5481ebb5db66d18f21a7",
            "message": "lint error",
            "insertions": 1,
            "deletions": 1
          }
        ]
      }
    ]
  },
  "authorFinalContributionMap": {
    "ongspxm": 1
  },
  "authorFileFormatContributionMap": {
    "ongspxm": {
      "js": 1
    }
  },
  "authorContributionVariance": {
    "ongspxm": 0.35639998
  },
  "authorDisplayNameMap": {
    "ongspxm": "SHUPENG"
  }
}
