{
  "authorDailyContributionsMap": {
    "RonakLakhotia": [
      {
        "insertions": 51,
        "deletions": 19,
        "date": "2019-02-27",
        "commitResults": [
          {
            "hash": "4a3c6508ed59dbc685d3fc9c9635fcc19cb8a43d",
            "message": "[#1540]Binary search: Update error handling (#1635)",
            "insertions": 51,
            "deletions": 19
          }
        ]
      },
      {
        "insertions": 108,
        "deletions": 155,
        "date": "2019-03-18",
        "commitResults": [
          {
            "hash": "83e8cb9a5c4d10e9df7642a615a55e3ecd8bdaea",
            "message": "[#1475] Update Cipher Tests (#1639)",
            "insertions": 108,
            "deletions": 155
          }
        ]
      }
    ]
  },
  "authorFinalContributionMap": {
    "RonakLakhotia": 159
  },
  "authorFileFormatContributionMap": {
    "RonakLakhotia": {
      "java": 159,
      "sh": 0
    }
  },
  "authorContributionVariance": {
    "RonakLakhotia": 676.3171
  },
  "authorDisplayNameMap": {
    "RonakLakhotia": "RONAK"
  }
}
