{
  "authorDailyContributionsMap": {
    "RonakLakhotia": [
      {
        "insertions": 8,
        "deletions": 1,
        "date": "2019-02-08",
        "commitResults": [
          {
            "hash": "935d625e2dcf58b8d6157567f12bd349accaff1e",
            "message": "Add Integrity check for books with edition reported as 1",
            "insertions": 8,
            "deletions": 1
          }
        ]
      },
      {
        "insertions": 5,
        "deletions": 6,
        "date": "2019-02-10",
        "commitResults": [
          {
            "hash": "b858a2c02ab8c97f817a2ab4c96cd0ff110db6ae",
            "message": "Reorder conditional checks",
            "insertions": 5,
            "deletions": 6
          }
        ]
      },
      {
        "insertions": 4,
        "deletions": 2,
        "date": "2019-03-08",
        "commitResults": [
          {
            "hash": "f71ed752b2f6822ddc7317b4ff395594841fe4da",
            "message": "Add key bindings (#4732)",
            "insertions": 4,
            "deletions": 2
          }
        ]
      },
      {
        "insertions": 49,
        "deletions": 3,
        "date": "2019-03-16",
        "commitResults": [
          {
            "hash": "d7dd41b0022978b9db958505cf6031768cf2cd8c",
            "message": "[#4306] Disable renaming (#4727)",
            "insertions": 49,
            "deletions": 3
          }
        ]
      }
    ],
    "chelseyong": [
      {
        "insertions": 20,
        "deletions": 13,
        "date": "2019-01-22",
        "commitResults": [
          {
            "hash": "05f3350cc14f91fd4c7f2846d6bd355da772d7e0",
            "message": "Add a variable to track the change in preview style (#4587)",
            "insertions": 20,
            "deletions": 13
          }
        ]
      },
      {
        "insertions": 2,
        "deletions": 0,
        "date": "2019-01-23",
        "commitResults": [
          {
            "hash": "232c3459ca30fae4bc4ba90f794079ccda8cdaf9",
            "message": "Force javafx to run thread (#4604)",
            "insertions": 2,
            "deletions": 0
          }
        ]
      },
      {
        "insertions": 10,
        "deletions": 2,
        "date": "2019-01-31",
        "commitResults": [
          {
            "hash": "769ebd19e7ed68a511817aa2bc12c2bcdf149446",
            "message": "Fix preview style configuration (#4613)",
            "insertions": 10,
            "deletions": 2
          }
        ]
      },
      {
        "insertions": 12,
        "deletions": 7,
        "date": "2019-03-03",
        "commitResults": [
          {
            "hash": "0313b4e77f94ebeaa2b3cf2e078c6f43c24d2872",
            "message": "Clean key in BracketedPattern after author value is retrieved",
            "insertions": 10,
            "deletions": 6
          },
          {
            "hash": "7d8de04a6af8f8e556c7735376bed94ae63fb304",
            "message": "Shift cleaning of authString to authN only",
            "insertions": 2,
            "deletions": 1
          }
        ]
      },
      {
        "insertions": 13,
        "deletions": 9,
        "date": "2019-03-08",
        "commitResults": [
          {
            "hash": "fa73ea0246d75077a4fe20b73c4bfaa077645d00",
            "message": "Extract authN method",
            "insertions": 13,
            "deletions": 9
          }
        ]
      },
      {
        "insertions": 43,
        "deletions": 27,
        "date": "2019-03-10",
        "commitResults": [
          {
            "hash": "03fc076324c4d57e40a663f962d050bafac15f08",
            "message": "Filter unwanted characters before removing whitespaces",
            "insertions": 8,
            "deletions": 4
          },
          {
            "hash": "a0219f384719159bc067e03784348662332ad8ef",
            "message": "Update test cases",
            "insertions": 29,
            "deletions": 17
          },
          {
            "hash": "89a398b5951659d11e81aa4ad9979deb0150ffc2",
            "message": "Remove -s from key",
            "insertions": 2,
            "deletions": 2
          },
          {
            "hash": "e3e696113b1877d856abbcfbaf80ef04a0ca77b2",
            "message": "Remove the dashes from test case",
            "insertions": 1,
            "deletions": 1
          },
          {
            "hash": "f414a9643f519e12553328ef9c00fd51e15fb7dc",
            "message": "Rename method to removeUnwantedCharacters",
            "insertions": 3,
            "deletions": 3
          }
        ]
      }
    ]
  },
  "authorFinalContributionMap": {
    "RonakLakhotia": 59,
    "chelseyong": 19
  },
  "authorFileFormatContributionMap": {
    "RonakLakhotia": {
      "java": 59,
      "fxml": 0
    },
    "chelseyong": {
      "java": 19,
      "fxml": 0
    }
  },
  "authorContributionVariance": {
    "RonakLakhotia": 27.213245,
    "chelseyong": 63.646145
  },
  "authorDisplayNameMap": {
    "RonakLakhotia": "RONAK",
    "chelseyong": "CHELSEY"
  }
}
