{
  "authorDailyContributionsMap": {
    "emer7": [
      {
        "insertions": 49,
        "deletions": 4,
        "date": "2019-01-29",
        "commitResults": [
          {
            "hash": "ee21b0d8752adda7cffe547d490222c3dbd474a4",
            "message": "[#380] Prevent generate FileInfo from directory with valid name (#511)",
            "insertions": 11,
            "deletions": 0
          },
          {
            "hash": "abffc93e1e6927a7683ee0ef595c43f0084c116c",
            "message": "[#392] Show a \u0027loading...\u0027 message while loading the report for the first time (#498)",
            "insertions": 38,
            "deletions": 4
          }
        ]
      },
      {
        "insertions": 85,
        "deletions": 5,
        "date": "2019-01-30",
        "commitResults": [
          {
            "hash": "73e47bf670f35f67a7340389013f968927c7fe40",
            "message": "Make center divider adjustable #403 (#418)",
            "insertions": 85,
            "deletions": 5
          }
        ]
      },
      {
        "insertions": 13,
        "deletions": 8,
        "date": "2019-02-11",
        "commitResults": [
          {
            "hash": "7a1ea0ef1d73a8d261dd7603b35cf6cfa5d58efd",
            "message": "[#519] Update JavaScript dependencies used in the frontend (#525)",
            "insertions": 13,
            "deletions": 8
          }
        ]
      },
      {
        "insertions": 15,
        "deletions": 0,
        "date": "2019-02-23",
        "commitResults": [
          {
            "hash": "29f84b5d34f2a83248a109196b83662409d55435",
            "message": "[#508] GitBlame: RuntimeError when analyzing branch name that is within whitelisted format (#535)",
            "insertions": 15,
            "deletions": 0
          }
        ]
      },
      {
        "insertions": 70,
        "deletions": 19,
        "date": "2019-03-20",
        "commitResults": [
          {
            "hash": "ba7c96d7ccb84c372d114ee02c3491855158bbd2",
            "message": "[#407] CodeView: give additional sorting options (#445)",
            "insertions": 70,
            "deletions": 19
          }
        ]
      },
      {
        "insertions": 87,
        "deletions": 82,
        "date": "2019-04-02",
        "commitResults": [
          {
            "hash": "f278e754e984ebcb45937ccd35a31c794636b689",
            "message": "[#542] Report: fix page unresponsive when loading repos with huge date gap (#596)",
            "insertions": 87,
            "deletions": 82
          }
        ]
      },
      {
        "insertions": 160,
        "deletions": 46,
        "date": "2019-04-11",
        "commitResults": [
          {
            "hash": "15690ddebacb87f981cc08b735f12e2805ce10fd",
            "message": "Checkstyle: increase severity of all existing rules #624 (#626)",
            "insertions": 155,
            "deletions": 39
          },
          {
            "hash": "946d677f07f28eed457f6319c9331e70f2c9c9c6",
            "message": "[#518] RampChart: show up to report generation date, not last commit date (#539)",
            "insertions": 5,
            "deletions": 7
          }
        ]
      },
      {
        "insertions": 55,
        "deletions": 21,
        "date": "2019-04-16",
        "commitResults": [
          {
            "hash": "8f385ab10b8e8aab6ef7b01992a9a0323e37194e",
            "message": "[#607] summary.json: move sinceDate and untilDate become direct element (#615)",
            "insertions": 55,
            "deletions": 21
          }
        ]
      }
    ],
    "ongspxm": [
      {
        "insertions": 1,
        "deletions": 1,
        "date": "2018-12-10",
        "commitResults": [
          {
            "hash": "0abf191c8b85238d90849ea1818bad558bb0d948",
            "message": "[#409] Fix Gradle task npmRunSpuild not working as intended (#410)",
            "insertions": 1,
            "deletions": 1
          }
        ]
      },
      {
        "insertions": 96,
        "deletions": 10,
        "date": "2018-12-14",
        "commitResults": [
          {
            "hash": "1aeb75f58737fd52fb8d1f8965a243fbaed38f93",
            "message": "DeveloperGuide: update documentation for frontend (#242)",
            "insertions": 96,
            "deletions": 10
          }
        ]
      },
      {
        "insertions": 4,
        "deletions": 1,
        "date": "2019-01-22",
        "commitResults": [
          {
            "hash": "1fe254b9f129339ae400d48f0cd868dbd0d6830c",
            "message": "[#373] Fix typing lag in the report search bar (#495)",
            "insertions": 4,
            "deletions": 1
          }
        ]
      },
      {
        "insertions": 76,
        "deletions": 84,
        "date": "2019-01-30",
        "commitResults": [
          {
            "hash": "a7e6617519f8048c324c5ae07bc829ccd843ea80",
            "message": "[#502] Enable ESLint JavaScript linter on travis (#514)",
            "insertions": 76,
            "deletions": 84
          }
        ]
      },
      {
        "insertions": 162,
        "deletions": 164,
        "date": "2019-02-08",
        "commitResults": [
          {
            "hash": "0fa163e163f63967545349bf921325915fc4c36e",
            "message": "[#468] Add per-commit granularity to the report (#500)",
            "insertions": 162,
            "deletions": 164
          }
        ]
      },
      {
        "insertions": 28,
        "deletions": 17,
        "date": "2019-02-21",
        "commitResults": [
          {
            "hash": "6dd74a04a3d1da6aa3b1636d0b0a7fdd2f873591",
            "message": "Refactor window.location.hash update methods (#558)",
            "insertions": 28,
            "deletions": 17
          }
        ]
      },
      {
        "insertions": 2,
        "deletions": 2,
        "date": "2019-03-07",
        "commitResults": [
          {
            "hash": "6f7ccc20c229f9531b56cb94cf584aa94f7beedd",
            "message": "[#585] Fix linearly unsynchronous ramp charts (#591)",
            "insertions": 2,
            "deletions": 2
          }
        ]
      },
      {
        "insertions": 43,
        "deletions": 48,
        "date": "2019-03-13",
        "commitResults": [
          {
            "hash": "daaed304969cb9694e002f0fa4ff7b6a46d4215e",
            "message": "Refactor toolbar into v-authorship tab (#566)",
            "insertions": 43,
            "deletions": 48
          }
        ]
      },
      {
        "insertions": 2,
        "deletions": 2,
        "date": "2019-04-16",
        "commitResults": [
          {
            "hash": "7640e703acbcfbb55699c80dd4ca53add97511e4",
            "message": "[#603] GitLog: replace author date with commit date (#641)",
            "insertions": 2,
            "deletions": 2
          }
        ]
      },
      {
        "insertions": 288,
        "deletions": 361,
        "date": "2019-05-30",
        "commitResults": [
          {
            "hash": "a6b3cac11da8860c30eacafef8f3a488e9fc31f7",
            "message": "Report: Add zoom in feature for ramp charts (#573)",
            "insertions": 288,
            "deletions": 361
          }
        ]
      }
    ],
    "fzdy1914": [
      {
        "insertions": 3,
        "deletions": 0,
        "date": "2018-12-20",
        "commitResults": [
          {
            "hash": "cc58757ad43168ff309408f7cdfa356fd26ce1a6",
            "message": "[#405] Code view: reset to top when loading new code view (#428)",
            "insertions": 3,
            "deletions": 0
          }
        ]
      },
      {
        "insertions": 24,
        "deletions": 13,
        "date": "2018-12-23",
        "commitResults": [
          {
            "hash": "7b0833049d12145e793dd587a299a86ea67455db",
            "message": "[#396] Provide a link to repo even when not grouped by repo (#426)",
            "insertions": 24,
            "deletions": 13
          }
        ]
      },
      {
        "insertions": 103,
        "deletions": 9,
        "date": "2019-01-07",
        "commitResults": [
          {
            "hash": "0cc3f4d4d2dfa4d04b536e8a12d65a29e822acf9",
            "message": "[#374] Add args to ignore standalone config in command line (#431)",
            "insertions": 103,
            "deletions": 9
          }
        ]
      },
      {
        "insertions": 172,
        "deletions": 28,
        "date": "2019-01-19",
        "commitResults": [
          {
            "hash": "dd635ea07f8ef6c5c6f857713989f2fb383dd6cf",
            "message": "[#350] [Enhancement] author-config.csv: make repo\u0027s location optional field  (#441)",
            "insertions": 172,
            "deletions": 28
          }
        ]
      },
      {
        "insertions": 33,
        "deletions": 4,
        "date": "2019-01-24",
        "commitResults": [
          {
            "hash": "f99542ced732f64d2b6e07049dd608f6e4c9ff69",
            "message": "[#466] CodeView: give link to history and blame views of each file (#490)",
            "insertions": 33,
            "deletions": 4
          }
        ]
      },
      {
        "insertions": 2,
        "deletions": 2,
        "date": "2019-02-04",
        "commitResults": [
          {
            "hash": "afe3d4e295805a53ff7f5f715ec6376c801a8556",
            "message": "[#534] Fix untouched code button failure (#536)",
            "insertions": 2,
            "deletions": 2
          }
        ]
      },
      {
        "insertions": 1,
        "deletions": 0,
        "date": "2019-02-17",
        "commitResults": [
          {
            "hash": "b8017858a69d498945d30a6743648526630e9ff9",
            "message": "[#523] build.gradle: Fix checkstyle plugin failure in JDK11 (#530)",
            "insertions": 1,
            "deletions": 0
          }
        ]
      },
      {
        "insertions": 423,
        "deletions": 128,
        "date": "2019-02-19",
        "commitResults": [
          {
            "hash": "069fa7908112311795a1ad2eb14ddb5819d8bf17",
            "message": "[#449, #479] ArgsParser: extract magic strings and follow a widely-used standard for CLI (#526)",
            "insertions": 423,
            "deletions": 128
          }
        ]
      },
      {
        "insertions": 5,
        "deletions": 0,
        "date": "2019-03-07",
        "commitResults": [
          {
            "hash": "741c36e4260a7940ba828d904379c4e2a995ad95",
            "message": "README: add new project members (#582)",
            "insertions": 5,
            "deletions": 0
          }
        ]
      },
      {
        "insertions": 1,
        "deletions": 1,
        "date": "2019-03-08",
        "commitResults": [
          {
            "hash": "c1134fce09c1f15ee3590ff82c00201f03b02767",
            "message": "[#561] DashboardServer: Desktop#isDesktopSupported passes on headless systems (#580)",
            "insertions": 1,
            "deletions": 1
          }
        ]
      },
      {
        "insertions": 1,
        "deletions": 146,
        "date": "2019-03-17",
        "commitResults": [
          {
            "hash": "15b270ce8bfa59166bf5449b32d50639eed00d38",
            "message": "[#510] Remove unused Checkstyle analysis feature (#597)",
            "insertions": 1,
            "deletions": 146
          }
        ]
      },
      {
        "insertions": 1,
        "deletions": 0,
        "date": "2019-03-20",
        "commitResults": [
          {
            "hash": "df71dc3c93e3d4ef30697b9b3ce70a3ef8fe6334",
            "message": "[#590] Add default title and icon for RepoSense (#612)",
            "insertions": 1,
            "deletions": 0
          }
        ]
      },
      {
        "insertions": 130,
        "deletions": 16,
        "date": "2019-03-21",
        "commitResults": [
          {
            "hash": "25c0f18bbffdbe16c87d3bfc351aba1f49f5671d",
            "message": "[#459] CLI: add args to choose any timezone (#496)",
            "insertions": 130,
            "deletions": 16
          }
        ]
      },
      {
        "insertions": 41,
        "deletions": 26,
        "date": "2019-03-22",
        "commitResults": [
          {
            "hash": "9b3ebfd90ded39bb3d5d611c07f119ad8e2e3990",
            "message": "[#588] CodeView: align the checkboxes (#589)",
            "insertions": 41,
            "deletions": 26
          }
        ]
      },
      {
        "insertions": 107,
        "deletions": 265,
        "date": "2019-03-26",
        "commitResults": [
          {
            "hash": "9c03235315b31f062eefdfb291e7a6e0f5322bc8",
            "message": "[#600] Integrate ci code coverage (#620)",
            "insertions": 100,
            "deletions": 57
          },
          {
            "hash": "9d3fa322cb576d1e951ef37424f6153bb21a6e48",
            "message": "[#619] Remove unused classes in functional code (#628)",
            "insertions": 0,
            "deletions": 199
          },
          {
            "hash": "86c94fc292a51ce769df13657afb91bde04238ac",
            "message": "RepoConfigurationTest: relocate to reposense.model (#629)",
            "insertions": 7,
            "deletions": 9
          }
        ]
      },
      {
        "insertions": 31,
        "deletions": 37,
        "date": "2019-03-28",
        "commitResults": [
          {
            "hash": "ccea6fdf38e5acdc57deb23b4ec34b7c969ea336",
            "message": "[#599] CodeView: fix `All` checkbox indication failure (#611)",
            "insertions": 5,
            "deletions": 6
          },
          {
            "hash": "0d043112f093c7e4326f3105806dc8775676f457",
            "message": "[#581] CodeView#filter: add interactive selection switch (#608)",
            "insertions": 26,
            "deletions": 31
          }
        ]
      },
      {
        "insertions": 63,
        "deletions": 6,
        "date": "2019-04-16",
        "commitResults": [
          {
            "hash": "06171cd187e29c15c7baa8f0679753c226586f71",
            "message": "[#503] CLI: add --version tag to show version of RepoSense (#565)",
            "insertions": 63,
            "deletions": 6
          }
        ]
      },
      {
        "insertions": 49,
        "deletions": 13,
        "date": "2019-04-20",
        "commitResults": [
          {
            "hash": "45b185c8506f56d3df14c2c973b6bf928d5c5e2b",
            "message": "[#621] LogsManager: shift the log file to output folder (#632)",
            "insertions": 49,
            "deletions": 13
          }
        ]
      },
      {
        "insertions": 13,
        "deletions": 1,
        "date": "2019-06-05",
        "commitResults": [
          {
            "hash": "0742863af6084ace43a3db97c0bd5d644e99b5d8",
            "message": " [#678] Report: use development version of vue.js (#679)",
            "insertions": 13,
            "deletions": 1
          }
        ]
      }
    ],
    "chelseyong": [
      {
        "insertions": 66,
        "deletions": 10,
        "date": "2019-01-12",
        "commitResults": [
          {
            "hash": "c153f4c9b0d99665bd863da01a03271afe985df0",
            "message": "[#170] CodeView: add selection to filter files by format (#448)",
            "insertions": 66,
            "deletions": 10
          }
        ]
      },
      {
        "insertions": 1,
        "deletions": 1,
        "date": "2019-01-15",
        "commitResults": [
          {
            "hash": "4e9bd5c375889c84457cec39592b4233b6270571",
            "message": "[#473] CodeView: fix mismatch of displayed file content (#477)",
            "insertions": 1,
            "deletions": 1
          }
        ]
      },
      {
        "insertions": 4,
        "deletions": 1,
        "date": "2019-01-27",
        "commitResults": [
          {
            "hash": "16bbe8d406b8d131be0681837c57dd07b6412c2a",
            "message": "[#501] ChartView: apply case-insensitive sorting sequence to `Author Name` (#488)",
            "insertions": 4,
            "deletions": 1
          }
        ]
      },
      {
        "insertions": 39,
        "deletions": 23,
        "date": "2019-02-15",
        "commitResults": [
          {
            "hash": "2c6b44ac323008c3c2b55789fee9c2f014c2f879",
            "message": "[#521] CodeView: Collapse/Expand All button not updated correctly after hiding all files (#529)",
            "insertions": 39,
            "deletions": 23
          }
        ]
      },
      {
        "insertions": 24,
        "deletions": 15,
        "date": "2019-02-27",
        "commitResults": [
          {
            "hash": "a9ac842f3e3f8ff9d1fd7fbdb00aa520256ffda8",
            "message": "ChartView: update code for list-rendering (#513)",
            "insertions": 24,
            "deletions": 15
          }
        ]
      },
      {
        "insertions": 76,
        "deletions": 13,
        "date": "2019-03-17",
        "commitResults": [
          {
            "hash": "5848cd96987a0106436950f5000f6f4556c7c73b",
            "message": "[#465] Url: bookmark opened code view (#524)",
            "insertions": 76,
            "deletions": 13
          }
        ]
      },
      {
        "insertions": 79,
        "deletions": 35,
        "date": "2019-03-21",
        "commitResults": [
          {
            "hash": "bde16500d0ec7f9555b1cebad0fa7636bd668d0c",
            "message": "[#543] RampChart: add group by authors option (#570)",
            "insertions": 79,
            "deletions": 35
          }
        ]
      },
      {
        "insertions": 193,
        "deletions": 7,
        "date": "2019-04-04",
        "commitResults": [
          {
            "hash": "3157e1b204ebbd1f2e9693d1d8af24423bcd6624",
            "message": "[#398] GitLog: handle paths in config that exist outside the repo (#592)",
            "insertions": 193,
            "deletions": 7
          }
        ]
      },
      {
        "insertions": 93,
        "deletions": 31,
        "date": "2019-04-09",
        "commitResults": [
          {
            "hash": "b8033c1a5f1b0cc1a273116ca4491203aeb901cd",
            "message": "[#601] ChartView: improve the sort controls (#618)",
            "insertions": 93,
            "deletions": 31
          }
        ]
      },
      {
        "insertions": 24,
        "deletions": 8,
        "date": "2019-05-04",
        "commitResults": [
          {
            "hash": "81db2aaf93d06bbf19be2efc2372baa6b5106957",
            "message": "[#463] ChartView: add contribution and variance to `sort groups by` (#639)",
            "insertions": 24,
            "deletions": 8
          }
        ]
      }
    ]
  },
  "authorFinalContributionMap": {
    "emer7": 446,
    "ongspxm": 541,
    "fzdy1914": 937,
    "chelseyong": 390
  },
  "authorFileFormatContributionMap": {
    "emer7": {
      "java": 269,
      "js": 120,
      "scss": 57,
      "json": 0,
      "md": 0,
      "py": 0,
      "jade": 0,
      "gradle": 0
    },
    "ongspxm": {
      "java": 92,
      "js": 316,
      "scss": 38,
      "json": 9,
      "md": 85,
      "py": 0,
      "jade": 0,
      "gradle": 1
    },
    "fzdy1914": {
      "java": 679,
      "js": 36,
      "scss": 31,
      "json": 0,
      "md": 116,
      "py": 0,
      "jade": 0,
      "gradle": 75
    },
    "chelseyong": {
      "java": 192,
      "js": 182,
      "scss": 14,
      "json": 0,
      "md": 2,
      "py": 0,
      "jade": 0,
      "gradle": 0
    }
  },
  "authorContributionVariance": {
    "emer7": 500.02347,
    "ongspxm": 3017.7424,
    "fzdy1914": 2881.8025,
    "chelseyong": 457.4065
  },
  "authorDisplayNameMap": {
    "emer7": "GILBERT",
    "ongspxm": "SHUPENG",
    "fzdy1914": "WANG CHAO",
    "chelseyong": "CHELSEY"
  }
}
