{
  "authorDailyContributionsMap": {
    "emer7": [
      {
        "insertions": 28,
        "deletions": 0,
        "date": "2019-03-21",
        "commitResults": [
          {
            "hash": "f8eb7909d640c49e0cb19ab6a582d8db20d9e16d",
            "message": "Add libgif dependency",
            "insertions": 1,
            "deletions": 0
          },
          {
            "hash": "8394b6afe7a5343a2cf9dbee7da9c4b2c2b911b5",
            "message": "Add classifyGif method to classify gif",
            "insertions": 27,
            "deletions": 0
          }
        ]
      }
    ]
  },
  "authorFinalContributionMap": {
    "emer7": 22
  },
  "authorFileFormatContributionMap": {
    "emer7": {
      "ts": 22
    }
  },
  "authorContributionVariance": {
    "emer7": 6.9994316
  },
  "authorDisplayNameMap": {
    "emer7": "GILBERT"
  }
}
