{
  "authorDailyContributionsMap": {
    "emer7": [
      {
        "insertions": 205,
        "deletions": 0,
        "date": "2019-04-20",
        "commitResults": [
          {
            "hash": "9f5b22695c098b1efabe093a5b632c874c9c9eae",
            "message": "Add JavaScript module (#102)",
            "insertions": 205,
            "deletions": 0
          }
        ]
      }
    ],
    "fzdy1914": [],
    "marvinchin": [
      {
        "insertions": 1,
        "deletions": 1,
        "date": "2019-03-01",
        "commitResults": [
          {
            "hash": "d1eb20609fab57d5950035515cf633a698c853bb",
            "message": "Fix broken links on project readme (#82)",
            "insertions": 1,
            "deletions": 1
          }
        ]
      },
      {
        "insertions": 84,
        "deletions": 0,
        "date": "2019-04-05",
        "commitResults": [
          {
            "hash": "d4e2bcb50df5feaaab3989cfad1bef19a193fb68",
            "message": "Add Page on Web Performance (#85)",
            "insertions": 84,
            "deletions": 0
          }
        ]
      }
    ],
    "amrut-prabhu": [
      {
        "insertions": 155,
        "deletions": 1,
        "date": "2019-04-11",
        "commitResults": [
          {
            "hash": "236e42d6b3f8010eb2e8b44e6399a356c91eaf2d",
            "message": "Add article on SQL (#87)",
            "insertions": 155,
            "deletions": 1
          }
        ]
      }
    ],
    "YuPeiHenry": [
      {
        "insertions": 193,
        "deletions": 0,
        "date": "2019-04-14",
        "commitResults": [
          {
            "hash": "a71847d54d3523a2095b8242e53f882c4d8d1634",
            "message": "Add Page on C# (#94)",
            "insertions": 193,
            "deletions": 0
          }
        ]
      }
    ],
    "sijie123": [
      {
        "insertions": 265,
        "deletions": 0,
        "date": "2019-04-20",
        "commitResults": [
          {
            "hash": "cf258f2c2883f619e8581b6628238dd8f5e0dd0c",
            "message": "Add article on JUnit (#98)",
            "insertions": 265,
            "deletions": 0
          }
        ]
      }
    ],
    "luyangkenneth": [
      {
        "insertions": 25,
        "deletions": 25,
        "date": "2019-03-22",
        "commitResults": [
          {
            "hash": "4593fc6d2369521dddea4da69c6a2243136dc6a7",
            "message": "Remove manually generated anchor links in \"Refining UX Design Skills\" article (#111)",
            "insertions": 11,
            "deletions": 11
          },
          {
            "hash": "91caba72f97b3f8dc8a7317217fd0986d6762005",
            "message": "Fix broken hyperlinks pointing to *.md files (#112)",
            "insertions": 14,
            "deletions": 14
          }
        ]
      }
    ],
    "ChooJeremy": [],
    "Adoby7": [
      {
        "insertions": 69,
        "deletions": 23,
        "date": "2019-04-14",
        "commitResults": [
          {
            "hash": "39c71808c88febf7ebbd6922d3787e3c72fc8620",
            "message": "Add more info to SQL injection page (#115)",
            "insertions": 69,
            "deletions": 23
          }
        ]
      },
      {
        "insertions": 88,
        "deletions": 38,
        "date": "2019-04-19",
        "commitResults": [
          {
            "hash": "ae51a121c50724647efc88e59c7dfae4a2f538e8",
            "message": "SQL injection: unbold reviewers (#119)",
            "insertions": 1,
            "deletions": 1
          },
          {
            "hash": "8612ce6f5bfe6cef6b3c33024a805ab04a912fd0",
            "message": "Improve Swift page (#90)",
            "insertions": 87,
            "deletions": 37
          }
        ]
      }
    ],
    "ongspxm": [
      {
        "insertions": 98,
        "deletions": 49,
        "date": "2019-04-19",
        "commitResults": [
          {
            "hash": "9ff31cbe8fd4393c7990c77daf142740b0998af6",
            "message": "JavaScript Promises: add info on async-await (#73)",
            "insertions": 98,
            "deletions": 49
          }
        ]
      }
    ],
    "Xenonym": [],
    "monmanuela": [
      {
        "insertions": 182,
        "deletions": 0,
        "date": "2019-03-20",
        "commitResults": [
          {
            "hash": "e278b128dd738f57533ed4f78d92748680384323",
            "message": "Add page on Accessibility (#79)",
            "insertions": 182,
            "deletions": 0
          }
        ]
      }
    ],
    "rrtheonlyone": [
      {
        "insertions": 176,
        "deletions": 0,
        "date": "2019-04-19",
        "commitResults": [
          {
            "hash": "f6f2a812eedd3ca66b8910f23cda377604615d8f",
            "message": "Add a chapter on Docker (#96)",
            "insertions": 176,
            "deletions": 0
          }
        ]
      }
    ],
    "RonakLakhotia": [
      {
        "insertions": 4,
        "deletions": 4,
        "date": "2019-03-14",
        "commitResults": [
          {
            "hash": "63d65dbb20739f6ab2d335f94370d99bc345e5db",
            "message": "Fix broken links in Static Analysis Chapter (#101)",
            "insertions": 4,
            "deletions": 4
          }
        ]
      },
      {
        "insertions": 234,
        "deletions": 0,
        "date": "2019-04-12",
        "commitResults": [
          {
            "hash": "f699c911418db923ad151c8fbb3fbfeda2ec1829",
            "message": "Add page for Angular (#76)",
            "insertions": 234,
            "deletions": 0
          }
        ]
      }
    ],
    "chelseyong": [
      {
        "insertions": 165,
        "deletions": 27,
        "date": "2019-04-14",
        "commitResults": [
          {
            "hash": "95ca9a43a0d6165c26929ea1da6d9052f7b5bdfa",
            "message": "Update Vuejs page (#93)",
            "insertions": 165,
            "deletions": 27
          }
        ]
      }
    ],
    "junming403": [
      {
        "insertions": 185,
        "deletions": 0,
        "date": "2019-04-11",
        "commitResults": [
          {
            "hash": "f471ac5daff193b976dd259adc5ec075f5b4ed9a",
            "message": "Add page on Linux shell (#91)",
            "insertions": 185,
            "deletions": 0
          }
        ]
      }
    ],
    "amad-person": [
      {
        "insertions": 191,
        "deletions": 0,
        "date": "2019-04-14",
        "commitResults": [
          {
            "hash": "f3b2470604b808e20e3f169be18f1dd82817fc16",
            "message": "Add introduction to React (#71)",
            "insertions": 191,
            "deletions": 0
          }
        ]
      }
    ],
    "jacoblipech": []
  },
  "authorFinalContributionMap": {
    "emer7": 205,
    "fzdy1914": 0,
    "marvinchin": 85,
    "amrut-prabhu": 155,
    "YuPeiHenry": 193,
    "sijie123": 265,
    "luyangkenneth": 24,
    "ChooJeremy": 0,
    "Adoby7": 152,
    "ongspxm": 80,
    "Xenonym": 0,
    "monmanuela": 179,
    "rrtheonlyone": 173,
    "RonakLakhotia": 238,
    "chelseyong": 163,
    "junming403": 185,
    "amad-person": 191,
    "jacoblipech": 0
  },
  "authorFileFormatContributionMap": {
    "emer7": {
      "md": 205,
      "mbd": 0
    },
    "fzdy1914": {
      "md": 0,
      "mbd": 0
    },
    "marvinchin": {
      "md": 85,
      "mbd": 0
    },
    "amrut-prabhu": {
      "md": 155,
      "mbd": 0
    },
    "YuPeiHenry": {
      "md": 193,
      "mbd": 0
    },
    "sijie123": {
      "md": 265,
      "mbd": 0
    },
    "luyangkenneth": {
      "md": 24,
      "mbd": 0
    },
    "ChooJeremy": {
      "md": 0,
      "mbd": 0
    },
    "Adoby7": {
      "md": 152,
      "mbd": 0
    },
    "ongspxm": {
      "md": 80,
      "mbd": 0
    },
    "Xenonym": {
      "md": 0,
      "mbd": 0
    },
    "monmanuela": {
      "md": 179,
      "mbd": 0
    },
    "rrtheonlyone": {
      "md": 173,
      "mbd": 0
    },
    "RonakLakhotia": {
      "md": 238,
      "mbd": 0
    },
    "chelseyong": {
      "md": 163,
      "mbd": 0
    },
    "junming403": {
      "md": 185,
      "mbd": 0
    },
    "amad-person": {
      "md": 191,
      "mbd": 0
    },
    "jacoblipech": {
      "md": 0,
      "mbd": 0
    }
  },
  "authorContributionVariance": {
    "emer7": 295.93582,
    "fzdy1914": 0.0,
    "marvinchin": 49.69891,
    "amrut-prabhu": 171.37169,
    "YuPeiHenry": 262.30377,
    "sijie123": 494.5174,
    "luyangkenneth": 17.604746,
    "ChooJeremy": 0.0,
    "Adoby7": 170.2337,
    "ongspxm": 152.1684,
    "Xenonym": 0.0,
    "monmanuela": 233.25626,
    "rrtheonlyone": 218.12988,
    "RonakLakhotia": 385.8486,
    "chelseyong": 259.59262,
    "junming403": 241.0091,
    "amad-person": 256.89557,
    "jacoblipech": 0.0
  },
  "authorDisplayNameMap": {
    "emer7": "GILBERT",
    "fzdy1914": "WANG CHAO",
    "marvinchin": "MARVIN",
    "amrut-prabhu": "AMRUT",
    "YuPeiHenry": "HENRY",
    "sijie123": "SI JIE",
    "luyangkenneth": "KENNETH",
    "ChooJeremy": "JEREMY",
    "Adoby7": "CHUNHUI",
    "ongspxm": "SHUPENG",
    "Xenonym": "ZHEN YONG",
    "monmanuela": "MONIKA",
    "rrtheonlyone": "RAHUL",
    "RonakLakhotia": "RONAK",
    "chelseyong": "CHELSEY",
    "junming403": "JUNMING",
    "amad-person": "AADYAA",
    "jacoblipech": "JACOB"
  }
}
