{
  "authorDailyContributionsMap": {
    "Xenonym": [
      {
        "insertions": 91,
        "deletions": 0,
        "date": "2018-12-14",
        "commitResults": [
          {
            "hash": "bcf426b6e357e8252d7fb26d91133cb9efb55f19",
            "message": "Add \u003cinclude optional\u003e for including files only if they exist",
            "insertions": 91,
            "deletions": 0
          }
        ]
      },
      {
        "insertions": 8,
        "deletions": 6,
        "date": "2018-12-17",
        "commitResults": [
          {
            "hash": "4e47605252bba66b5b1c3d0a6b29441e00493baf",
            "message": "Upgrade markdown-it-anchor to 5.0.0",
            "insertions": 4,
            "deletions": 4
          },
          {
            "hash": "b7d191c9f810b8687f808ca6b978abe8b06b1dc5",
            "message": "Fix URL anchor scrolling",
            "insertions": 4,
            "deletions": 2
          }
        ]
      },
      {
        "insertions": 43,
        "deletions": 10,
        "date": "2018-12-21",
        "commitResults": [
          {
            "hash": "d86153c4d3aa8467f81e9f23f9593062628469c0",
            "message": "Add fsUtils.ensurePosix to normalise paths on Windows",
            "insertions": 8,
            "deletions": 0
          },
          {
            "hash": "3cc470794e9c32c87cf2bb6daed89b5d0532c358",
            "message": "Add serve --one-page option to live preview a single page",
            "insertions": 35,
            "deletions": 10
          }
        ]
      },
      {
        "insertions": 186,
        "deletions": 2,
        "date": "2019-01-03",
        "commitResults": [
          {
            "hash": "c49f86e6cc6eea1ba3a01e1d12aa91173068470e",
            "message": "Support optional includes for page fragments (#517)",
            "insertions": 186,
            "deletions": 2
          }
        ]
      },
      {
        "insertions": 15,
        "deletions": 1,
        "date": "2019-01-05",
        "commitResults": [
          {
            "hash": "169ed94b5240f3955d4347af1e0d6c36412c99c1",
            "message": "Allow empty \u003cfrontmatter\u003e tags (#521)",
            "insertions": 15,
            "deletions": 1
          }
        ]
      },
      {
        "insertions": 14,
        "deletions": 7,
        "date": "2019-01-06",
        "commitResults": [
          {
            "hash": "d56834d18533ece5d11f2ca0cd3c2c90d3fc2c6f",
            "message": "Add more specific description for right-aligned searchbar example",
            "insertions": 3,
            "deletions": 2
          },
          {
            "hash": "17f4b859b43c4ee8bcfa4a7d1646db2365323aeb",
            "message": "Correct link to search bar example",
            "insertions": 1,
            "deletions": 1
          },
          {
            "hash": "dfceca42b37e4c7e916ebdb8bfaa4423b72d14e2",
            "message": "Fix missing anchor icons when anchor in URL does not exist (#552)",
            "insertions": 10,
            "deletions": 4
          }
        ]
      },
      {
        "insertions": 16,
        "deletions": 0,
        "date": "2019-01-08",
        "commitResults": [
          {
            "hash": "e29a1a09ae66967b5926478fb341290d228b76d7",
            "message": "Use a lighter style for \u003ckbd\u003e (#536)",
            "insertions": 16,
            "deletions": 0
          }
        ]
      },
      {
        "insertions": 52,
        "deletions": 0,
        "date": "2019-01-09",
        "commitResults": [
          {
            "hash": "b9ee80d514b8abed98b524c745c1fed4e97d0618",
            "message": "Add inline code syntax highlighting with `code`{.lang} (#557)",
            "insertions": 52,
            "deletions": 0
          }
        ]
      },
      {
        "insertions": 6,
        "deletions": 4,
        "date": "2019-01-10",
        "commitResults": [
          {
            "hash": "6851661534d28e7db516d8641fc7d8e2cb9901ee",
            "message": "Use light grey for siteNav text (#554)",
            "insertions": 6,
            "deletions": 4
          }
        ]
      },
      {
        "insertions": 21,
        "deletions": 4,
        "date": "2019-01-19",
        "commitResults": [
          {
            "hash": "b34ca6cdfa2d0ab3c527dfc91d2e20b84f855fff",
            "message": "Restore old anchor generation behaviour from before v1.15.0 (#578)",
            "insertions": 21,
            "deletions": 4
          }
        ]
      },
      {
        "insertions": 89,
        "deletions": 41,
        "date": "2019-01-20",
        "commitResults": [
          {
            "hash": "2f97a1a4073fa0367cfd7c53bddbe20b190d1383",
            "message": "Add .site-nav__a class to style site nav links",
            "insertions": 21,
            "deletions": 14
          },
          {
            "hash": "bc378e45f910f59eef597bbcc2b6ce9c87761b4f",
            "message": "Fix site nav example code in docs",
            "insertions": 32,
            "deletions": 26
          },
          {
            "hash": "5004847951c9893d9dcdb4860f3d658fae7a9c2e",
            "message": "Allow references to external scripts (#585)",
            "insertions": 36,
            "deletions": 1
          }
        ]
      },
      {
        "insertions": 32,
        "deletions": 10,
        "date": "2019-01-21",
        "commitResults": [
          {
            "hash": "9c0970a990eefa3b9ba8791460fbbeccfc9e3b81",
            "message": "Indicate currently loaded page in siteNav (#560)",
            "insertions": 32,
            "deletions": 10
          }
        ]
      },
      {
        "insertions": 2,
        "deletions": 2,
        "date": "2019-01-23",
        "commitResults": [
          {
            "hash": "1d745deb0876b98f6d85702382700d10137e9344",
            "message": "Upgrade winston@2.4.4 and winston-daily-rotate-file@3.6.0 (#600)",
            "insertions": 2,
            "deletions": 2
          }
        ]
      },
      {
        "insertions": 22,
        "deletions": 11,
        "date": "2019-01-31",
        "commitResults": [
          {
            "hash": "57ab785a8e13d8b210634dc1ebff3e046a79b773",
            "message": "Use only forward slashes for paths during build (#643)",
            "insertions": 22,
            "deletions": 11
          }
        ]
      },
      {
        "insertions": 1,
        "deletions": 1,
        "date": "2019-02-02",
        "commitResults": [
          {
            "hash": "e66010cda7a1a7cf094aa8d0fbacbc9198b15bf9",
            "message": "Add scrollspy only when pageNav is enabled (#639)",
            "insertions": 1,
            "deletions": 1
          }
        ]
      },
      {
        "insertions": 191,
        "deletions": 3,
        "date": "2019-02-07",
        "commitResults": [
          {
            "hash": "3cdfc4cf62fd4af575ca2eae50eb6469bca69454",
            "message": "Add afterSetup() for authors to call post-setup methods (#593)",
            "insertions": 191,
            "deletions": 3
          }
        ]
      },
      {
        "insertions": 187,
        "deletions": 9,
        "date": "2019-02-08",
        "commitResults": [
          {
            "hash": "468b5b5c07ffd895fe4270570b6ab0a1dd51fed8",
            "message": "Disable decamelize for anchor generation (#667)",
            "insertions": 1,
            "deletions": 1
          },
          {
            "hash": "83ae743e38e50893e3763de390737f8094b75407",
            "message": "Add deploy -t/--travis to deploy via Travis (#649)",
            "insertions": 186,
            "deletions": 8
          }
        ]
      },
      {
        "insertions": 11,
        "deletions": 15,
        "date": "2019-02-10",
        "commitResults": [
          {
            "hash": "a79c47025429958dd2e4fec35946c20f1906442d",
            "message": "Exit MarkBind with nonzero exit code on error (#679)",
            "insertions": 11,
            "deletions": 15
          }
        ]
      },
      {
        "insertions": 2,
        "deletions": 2,
        "date": "2019-02-11",
        "commitResults": [
          {
            "hash": "185735ef8d9a5c6e32b81357c5c4bed51cbee30c",
            "message": "Fix filename capitalization for syntax docs (#685)",
            "insertions": 2,
            "deletions": 2
          }
        ]
      },
      {
        "insertions": 79,
        "deletions": 57,
        "date": "2019-02-18",
        "commitResults": [
          {
            "hash": "dc53e764725d57f2bf8c22fad67aa01a5db24d6c",
            "message": "Use a simpler :prefix-name: syntax for icon fonts (#680)",
            "insertions": 79,
            "deletions": 57
          }
        ]
      },
      {
        "insertions": 3,
        "deletions": 3,
        "date": "2019-02-19",
        "commitResults": [
          {
            "hash": "1686253401a4ad6ef75f67dfab0e7adc5c93543e",
            "message": "Remove stray space from FA icon syntax example (#708)",
            "insertions": 3,
            "deletions": 3
          }
        ]
      },
      {
        "insertions": 36,
        "deletions": 19,
        "date": "2019-02-22",
        "commitResults": [
          {
            "hash": "59d8893ca9b416c508a350a624c5c5378cb043be",
            "message": "Fix Travis deploy repo regex to only match .git at end (#725)",
            "insertions": 18,
            "deletions": 1
          },
          {
            "hash": "c67e7f21d73996c903486372f929e95ff35b64f1",
            "message": "docs: Change markbind.github.io to markbind.org (#724)",
            "insertions": 18,
            "deletions": 18
          }
        ]
      },
      {
        "insertions": 7,
        "deletions": 0,
        "date": "2019-02-27",
        "commitResults": [
          {
            "hash": "e773644ed271eb740abde757239046031b7faca9",
            "message": "Deploy user docs via Travis on release (#701)",
            "insertions": 7,
            "deletions": 0
          }
        ]
      },
      {
        "insertions": 1,
        "deletions": 0,
        "date": "2019-03-04",
        "commitResults": [
          {
            "hash": "ea1aa1bb1ad73b6978b2d50583bdebf16e221854",
            "message": "Add fontawesome-free@5.72",
            "insertions": 1,
            "deletions": 0
          }
        ]
      },
      {
        "insertions": 64,
        "deletions": 20,
        "date": "2019-03-05",
        "commitResults": [
          {
            "hash": "ee31f64ae86564cec3e2ff449c1fd51d586c58da",
            "message": "Move glyphicon files to asset/glyphicons",
            "insertions": 2,
            "deletions": 1
          },
          {
            "hash": "27511dbe807fbd2b75203cd9424e7e165e2d06a6",
            "message": "Fix typo in fs-extra-promise mock description",
            "insertions": 1,
            "deletions": 1
          },
          {
            "hash": "13111b83d7d8801ad6debec062c12eb2987687ce",
            "message": "Add new mocks for fs-extra-promise#copyAsync",
            "insertions": 31,
            "deletions": 1
          },
          {
            "hash": "388dfdc9f5596d7e46fbf87c8a7f091f59f3c9ef",
            "message": "Return promise directly from copyMarkbindAsset",
            "insertions": 4,
            "deletions": 5
          },
          {
            "hash": "852663d490b74a5bc8468003851b6915ecf7690c",
            "message": "Copy Font Awesome assets from NPM package",
            "insertions": 26,
            "deletions": 12
          }
        ]
      },
      {
        "insertions": 6,
        "deletions": 0,
        "date": "2019-03-07",
        "commitResults": [
          {
            "hash": "1a9fb8d68e003d10c9ee5736b504b7ab2e6bf28c",
            "message": "Ignore *.mbdf and *.njk files for docs and new websites (#752)",
            "insertions": 6,
            "deletions": 0
          }
        ]
      },
      {
        "insertions": 1,
        "deletions": 0,
        "date": "2019-03-08",
        "commitResults": [
          {
            "hash": "eb7f00c324a7a6e41a3fef089a7976998af527c1",
            "message": "Deploy user docs only from main MarkBind repo",
            "insertions": 1,
            "deletions": 0
          }
        ]
      },
      {
        "insertions": 5,
        "deletions": 5,
        "date": "2019-03-11",
        "commitResults": [
          {
            "hash": "d6899fdaec5963005c21cdf2ab40f1ef2b6302b6",
            "message": "Replace \u003cfont\u003e in user docs with \u003cspan style\u003e (#696)",
            "insertions": 5,
            "deletions": 5
          }
        ]
      },
      {
        "insertions": 3,
        "deletions": 0,
        "date": "2019-03-14",
        "commitResults": [
          {
            "hash": "07814ff70cac23c4a6b78c6fa6b99fe59a25ca61",
            "message": "Add \u003cmeta name\u003d\"generator\"\u003e tags to generated HTML (#757)",
            "insertions": 3,
            "deletions": 0
          }
        ]
      },
      {
        "insertions": 36,
        "deletions": 1,
        "date": "2019-03-18",
        "commitResults": [
          {
            "hash": "fd21ae66d2d4c6c085ddaecc2a590e55dbf33b9a",
            "message": "Fix incorrect regex for matching icon syntax (#765)",
            "insertions": 36,
            "deletions": 1
          }
        ]
      },
      {
        "insertions": 7,
        "deletions": 6,
        "date": "2019-03-21",
        "commitResults": [
          {
            "hash": "32fdeaf3b593e61c02945df769bafe73336231dd",
            "message": "Disable new ESLint rules to comply with existing styles",
            "insertions": 2,
            "deletions": 0
          },
          {
            "hash": "767f1b0c20b4e9603a55abdfa316c6ec9e4a3296",
            "message": "Fix import order to match ESLint sort-import",
            "insertions": 5,
            "deletions": 6
          }
        ]
      },
      {
        "insertions": 12,
        "deletions": 12,
        "date": "2019-03-23",
        "commitResults": [
          {
            "hash": "3481c6964e97d0eccf361fe7a6779f8976aae902",
            "message": "Upgrade vulnerable deps reported by npm audit",
            "insertions": 12,
            "deletions": 12
          }
        ]
      },
      {
        "insertions": 1966,
        "deletions": 1514,
        "date": "2019-03-25",
        "commitResults": [
          {
            "hash": "efdd97ced905d947abd5a8f2201931d021f1b7dc",
            "message": "Upgrade vulnerable deps in MarkBind library",
            "insertions": 1965,
            "deletions": 1513
          },
          {
            "hash": "27c1efb7433fc37b44b6df6e39272819f9d8f08f",
            "message": "Upgrade to markdown-it-anchor@5.0.2",
            "insertions": 1,
            "deletions": 1
          }
        ]
      },
      {
        "insertions": 15,
        "deletions": 15,
        "date": "2019-04-01",
        "commitResults": [
          {
            "hash": "235d1ab71d089e4bf2cbd8c01ee853ed3770075d",
            "message": "Update vue-strap version to v2.0.1-markbind.24",
            "insertions": 12,
            "deletions": 12
          },
          {
            "hash": "146a237f6238415309e26f5d914cce82865fe733",
            "message": "2.0.0",
            "insertions": 3,
            "deletions": 3
          }
        ]
      },
      {
        "insertions": 15,
        "deletions": 3,
        "date": "2019-04-05",
        "commitResults": [
          {
            "hash": "f46b1549b37addf0264ed96288222d97ae7cac23",
            "message": "Docs: add steps for deploying from specific repo",
            "insertions": 15,
            "deletions": 3
          }
        ]
      }
    ],
    "marvinchin": [
      {
        "insertions": 2,
        "deletions": 0,
        "date": "2019-01-17",
        "commitResults": [
          {
            "hash": "b01d1b3dd8cb0eec54df6d2d5c774be7a76c47ec",
            "message": "docs: Add \"Using Keywords\" heading (#586)",
            "insertions": 2,
            "deletions": 0
          }
        ]
      },
      {
        "insertions": 102,
        "deletions": 7,
        "date": "2019-01-19",
        "commitResults": [
          {
            "hash": "4f2348ee6e455cc04ecfff49e1f6744b95ac2ffd",
            "message": "Revise logic to determine root folder",
            "insertions": 102,
            "deletions": 7
          }
        ]
      },
      {
        "insertions": 27,
        "deletions": 0,
        "date": "2019-01-24",
        "commitResults": [
          {
            "hash": "b955332a4a3d93804b7166fc556bcafde1ed770f",
            "message": "Hide pageNav and siteNav when printing (#624)",
            "insertions": 27,
            "deletions": 0
          }
        ]
      },
      {
        "insertions": 9,
        "deletions": 2,
        "date": "2019-01-26",
        "commitResults": [
          {
            "hash": "bf07401f32ba6d8c4a6855924cd881b4bbb9975c",
            "message": "Update searchbar documentation (#622)",
            "insertions": 9,
            "deletions": 2
          }
        ]
      },
      {
        "insertions": 96,
        "deletions": 0,
        "date": "2019-01-31",
        "commitResults": [
          {
            "hash": "a7217841418a4a1147024459d9f340a88bda9976",
            "message": "Add spinner to be shown before content is completely rendered (#590)",
            "insertions": 96,
            "deletions": 0
          }
        ]
      },
      {
        "insertions": 37,
        "deletions": 18,
        "date": "2019-02-04",
        "commitResults": [
          {
            "hash": "75dbcf50388cbca781543aa88508f287ca89bda5",
            "message": "Load site data asynchronously (#621)",
            "insertions": 37,
            "deletions": 18
          }
        ]
      },
      {
        "insertions": 50,
        "deletions": 82,
        "date": "2019-02-11",
        "commitResults": [
          {
            "hash": "f9901fe7c8fe5b54e1ae8c59d0caeb1cc48f1daf",
            "message": "Add temporary styles to prevent FOUC (#664)",
            "insertions": 50,
            "deletions": 82
          }
        ]
      },
      {
        "insertions": 4,
        "deletions": 0,
        "date": "2019-02-22",
        "commitResults": [
          {
            "hash": "89eeb03bbfdb02d2610065c70e6b4637b7d540f2",
            "message": "Add missing title for Using Plugins page (#717)",
            "insertions": 4,
            "deletions": 0
          }
        ]
      },
      {
        "insertions": 78,
        "deletions": 0,
        "date": "2019-02-25",
        "commitResults": [
          {
            "hash": "0536d0393478a86bc293b3b336c2257893457242",
            "message": "Add support for plugins to add styles and scripts (#700)",
            "insertions": 78,
            "deletions": 0
          }
        ]
      },
      {
        "insertions": 79,
        "deletions": 2,
        "date": "2019-03-03",
        "commitResults": [
          {
            "hash": "513031ae6469c75e4dc8010fce125e39f0777946",
            "message": "Add Algolia plugin (#718)",
            "insertions": 79,
            "deletions": 2
          }
        ]
      },
      {
        "insertions": 1,
        "deletions": 1,
        "date": "2019-03-06",
        "commitResults": [
          {
            "hash": "c4697dc3e36bfadf78c7bc032b27e2900cf82ae2",
            "message": "docs: add missing searchbar closing tag in Algolia plugin example (#750)",
            "insertions": 1,
            "deletions": 1
          }
        ]
      },
      {
        "insertions": 135,
        "deletions": 10,
        "date": "2019-03-20",
        "commitResults": [
          {
            "hash": "6811230790fa424aca20880770f925a2b60d2296",
            "message": "Fix trim not working when including fragments (#766)",
            "insertions": 103,
            "deletions": 5
          },
          {
            "hash": "a159a7812b81d393d03484c3a5e4558c4d9b9b16",
            "message": "Update heading selector to support always-index and no-index (#768)",
            "insertions": 32,
            "deletions": 5
          }
        ]
      },
      {
        "insertions": 293,
        "deletions": 234,
        "date": "2019-03-23",
        "commitResults": [
          {
            "hash": "b7acb79c462291aead5fb859b0f2b5e90ae0e859",
            "message": "Fix dropdown anti-FOUC styles (#760)",
            "insertions": 120,
            "deletions": 59
          },
          {
            "hash": "38d2ecf2283c354fc4ab2eea088737362a30609c",
            "message": "Fix indentation in sample code for popovers and tooltips (#787)",
            "insertions": 173,
            "deletions": 175
          }
        ]
      },
      {
        "insertions": 932,
        "deletions": 8,
        "date": "2019-03-29",
        "commitResults": [
          {
            "hash": "5fcd5ba2e52f7be5ee3eee1d22564af8d2f7b137",
            "message": "Add algolia-no-index class for hidden content (#785)",
            "insertions": 932,
            "deletions": 8
          }
        ]
      },
      {
        "insertions": 52,
        "deletions": 37,
        "date": "2019-04-05",
        "commitResults": [
          {
            "hash": "39996324a81e9a8958e8d4edfd0828ed8113b1af",
            "message": "Restrict algolia-no-index only to content for popovers and tooltips",
            "insertions": 15,
            "deletions": 18
          },
          {
            "hash": "6387f759f818e68deeed89c495d3f739b876c52c",
            "message": "Add algolia-no-index to question hints and answers",
            "insertions": 11,
            "deletions": 0
          },
          {
            "hash": "1d5c1cda94fab427cc0e699fd1a23aa4826742fb",
            "message": "Fix site nav padding (#801)",
            "insertions": 26,
            "deletions": 19
          }
        ]
      },
      {
        "insertions": 14,
        "deletions": 2,
        "date": "2019-04-11",
        "commitResults": [
          {
            "hash": "f3144f07e216beba106d19d8e72a19bdb571ccfa",
            "message": "Remove sticky-top class from side navigations (#827)",
            "insertions": 14,
            "deletions": 2
          }
        ]
      }
    ],
    "sijie123": [
      {
        "insertions": 183,
        "deletions": 10,
        "date": "2019-02-07",
        "commitResults": [
          {
            "hash": "a1e9c9ed7f6e9893dcc4d982184657b69f1c606a",
            "message": "Add informative error for cyclic dependency (#614)",
            "insertions": 130,
            "deletions": 6
          },
          {
            "hash": "111720855d54dee0b6e54e74a13ef15bb6e090e4",
            "message": "Convert relative src references to absolute paths",
            "insertions": 53,
            "deletions": 4
          }
        ]
      },
      {
        "insertions": 81,
        "deletions": 49,
        "date": "2019-03-02",
        "commitResults": [
          {
            "hash": "8482de033b8bcbc4926f32c6bd40400d5ed505a0",
            "message": "Documentation: Remove unnecessary {{baseUrl}}",
            "insertions": 81,
            "deletions": 49
          }
        ]
      },
      {
        "insertions": 1,
        "deletions": 1,
        "date": "2019-03-03",
        "commitResults": [
          {
            "hash": "dfbb9e6cda0498fb60aadb3bc45acb0f27d1c2b2",
            "message": "docs/reusingContents: fix typo in reusing-content-across-sites (#744)",
            "insertions": 1,
            "deletions": 1
          }
        ]
      },
      {
        "insertions": 6,
        "deletions": 3,
        "date": "2019-03-21",
        "commitResults": [
          {
            "hash": "93035e1a22c30b724f582b39b210571f71b4f89c",
            "message": "Parser: Fix crash if no href given to anchor or link tag (#780)",
            "insertions": 6,
            "deletions": 3
          }
        ]
      },
      {
        "insertions": 538,
        "deletions": 1,
        "date": "2019-04-01",
        "commitResults": [
          {
            "hash": "ae0288693a051a13b7164174af76718745df21ad",
            "message": "docs: Migrate developer docs to MarkBind\u0027s website (#793)",
            "insertions": 538,
            "deletions": 1
          }
        ]
      },
      {
        "insertions": 14,
        "deletions": 2,
        "date": "2019-04-05",
        "commitResults": [
          {
            "hash": "7c8e391c298d8b3d28ea922ebe420cfd3f76b0e2",
            "message": "Parser: Fix relative src bug involving hostBaseUrl (#804)",
            "insertions": 14,
            "deletions": 2
          }
        ]
      }
    ],
    "luyangkenneth": [
      {
        "insertions": 21,
        "deletions": 8,
        "date": "2019-01-21",
        "commitResults": [
          {
            "hash": "07471d08622a201fe85c581b294f7dc428014bdf",
            "message": "Restyle background color for inline code text (#613)",
            "insertions": 21,
            "deletions": 8
          }
        ]
      },
      {
        "insertions": 19,
        "deletions": 9,
        "date": "2019-01-24",
        "commitResults": [
          {
            "hash": "c57e8ea76ceb96496c0d6c74b8a909c0ce7293b8",
            "message": "CLI: Add command aliases (#596)",
            "insertions": 19,
            "deletions": 9
          }
        ]
      },
      {
        "insertions": 1,
        "deletions": 5,
        "date": "2019-02-02",
        "commitResults": [
          {
            "hash": "6b9c15d5a5e439ba9d4550284974ae9f39b85cfa",
            "message": "Disable no-underscore-dangle ESLint rule (#650)",
            "insertions": 1,
            "deletions": 5
          }
        ]
      },
      {
        "insertions": 1,
        "deletions": 1,
        "date": "2019-03-03",
        "commitResults": [
          {
            "hash": "66376dfa29e6c4dde6bcdc70b7f7f96d6d1e8f2a",
            "message": "docs/siteConfiguration: fix broken link (#742)",
            "insertions": 1,
            "deletions": 1
          }
        ]
      },
      {
        "insertions": 1,
        "deletions": 1,
        "date": "2019-03-14",
        "commitResults": [
          {
            "hash": "cfbffbadb4071e297d72c0208b2710b2ff3ad961",
            "message": "docs/variables.md: fix font-awesome typo (#769)",
            "insertions": 1,
            "deletions": 1
          }
        ]
      },
      {
        "insertions": 651,
        "deletions": 653,
        "date": "2019-03-18",
        "commitResults": [
          {
            "hash": "a240f6b0d7be42dca329887965b32a15528a49f6",
            "message": "test: fix permissions for test/functional/test.sh (#774)",
            "insertions": 0,
            "deletions": 2
          },
          {
            "hash": "f6051653ee32a2a480545e6f559be87f67fbea86",
            "message": "Convert CRLF to LF in text files",
            "insertions": 651,
            "deletions": 651
          }
        ]
      },
      {
        "insertions": 117,
        "deletions": 2,
        "date": "2019-03-23",
        "commitResults": [
          {
            "hash": "c330dc98491ae17da1db3b9074703b08eb7924c7",
            "message": "Add built-in support for light themes from bootswatch (#745)",
            "insertions": 117,
            "deletions": 2
          }
        ]
      },
      {
        "insertions": 106,
        "deletions": 49,
        "date": "2019-03-31",
        "commitResults": [
          {
            "hash": "e24e014f51d66970eeb24b47f22d0649e8eee0c3",
            "message": "Update vue-strap.min.js",
            "insertions": 3,
            "deletions": 3
          },
          {
            "hash": "2dadbdd6a90c302f0f1b3ee0a0d1ccd787b9580f",
            "message": "docs: Update navbar type and add more examples",
            "insertions": 100,
            "deletions": 13
          },
          {
            "hash": "e453213e11f478ad0a4e742eb77798397207be4a",
            "message": "Remove redundant .navbar-* classes",
            "insertions": 0,
            "deletions": 30
          },
          {
            "hash": "293043c7387788771814ff609586dfd1dc848be3",
            "message": "tests: Update navbar type",
            "insertions": 2,
            "deletions": 2
          },
          {
            "hash": "0ded5244bc2e2733ca4dac46de2e7328dba48b8b",
            "message": "tests: Remove deprecated placement attribute",
            "insertions": 1,
            "deletions": 1
          }
        ]
      }
    ],
    "amad-person": [
      {
        "insertions": 2,
        "deletions": 1,
        "date": "2018-12-29",
        "commitResults": [
          {
            "hash": "583845b401deae726bed6a9f18d7fa0daa68116e",
            "message": "User guide: Mention baseUrl override (#513)",
            "insertions": 2,
            "deletions": 1
          }
        ]
      },
      {
        "insertions": 1,
        "deletions": 75,
        "date": "2019-01-05",
        "commitResults": [
          {
            "hash": "32222c45f5be8128b924dd65a88fae1b84164145",
            "message": "Remove render and include commands (#522)",
            "insertions": 1,
            "deletions": 75
          }
        ]
      },
      {
        "insertions": 7,
        "deletions": 7,
        "date": "2019-01-08",
        "commitResults": [
          {
            "hash": "3003332a2bd3f7c3533aba211c1002c5dbeb0ca7",
            "message": "markbind serve: give shorthand version for all flags (#546)",
            "insertions": 7,
            "deletions": 7
          }
        ]
      },
      {
        "insertions": 13,
        "deletions": 2,
        "date": "2019-01-13",
        "commitResults": [
          {
            "hash": "ee302041c8c87f272d054e2bb9dc8abe137a3ec0",
            "message": "Improve the default `site.json` settings generated during init (#525)",
            "insertions": 13,
            "deletions": 2
          }
        ]
      },
      {
        "insertions": 1,
        "deletions": 1,
        "date": "2019-01-24",
        "commitResults": [
          {
            "hash": "dbb976612d610cca55b98dd31110d29363261ada",
            "message": "Fix unexpected indentation in the first line of fenced text (#623)",
            "insertions": 1,
            "deletions": 1
          }
        ]
      },
      {
        "insertions": 3,
        "deletions": 2,
        "date": "2019-02-19",
        "commitResults": [
          {
            "hash": "b3e2d782a0805a66ff2b769c1d3de8c83152b365",
            "message": "Migrate MarkBind\u0027s website to markbind.github.io (#699)",
            "insertions": 3,
            "deletions": 2
          }
        ]
      },
      {
        "insertions": 14,
        "deletions": 7,
        "date": "2019-02-25",
        "commitResults": [
          {
            "hash": "06478c488e9ea47f5feaf892bd2d1cff32fc93bc",
            "message": "Fix: Uncaught exceptions cause a silent exit (#721)",
            "insertions": 14,
            "deletions": 7
          }
        ]
      },
      {
        "insertions": 1,
        "deletions": 1,
        "date": "2019-02-27",
        "commitResults": [
          {
            "hash": "fbd3feae93d7af3523a0adb89eb560a054c8a473",
            "message": "Fix missing footer in Using Plugins page (#730)",
            "insertions": 1,
            "deletions": 1
          }
        ]
      },
      {
        "insertions": 1105,
        "deletions": 4,
        "date": "2019-04-12",
        "commitResults": [
          {
            "hash": "db4ce525b58a28d47cee4f9f0f4e339eaa752701",
            "message": "Automatically convert GitHub-based projects into MarkBind websites (#698)",
            "insertions": 1105,
            "deletions": 4
          }
        ]
      }
    ]
  },
  "authorFinalContributionMap": {
    "Xenonym": 3037,
    "marvinchin": 1503,
    "sijie123": 803,
    "luyangkenneth": 247,
    "amad-person": 1142
  },
  "authorFileFormatContributionMap": {
    "Xenonym": {
      "java": 0,
      "js": 766,
      "css": 81,
      "json": 2039,
      "md": 105,
      "mbd": 0,
      "mbdf": 38,
      "njk": 0,
      "py": 0,
      "yml": 8
    },
    "marvinchin": {
      "java": 0,
      "js": 584,
      "css": 508,
      "json": 74,
      "md": 209,
      "mbd": 0,
      "mbdf": 128,
      "njk": 0,
      "py": 0,
      "yml": 0
    },
    "sijie123": {
      "java": 0,
      "js": 159,
      "css": 0,
      "json": 8,
      "md": 601,
      "mbd": 0,
      "mbdf": 35,
      "njk": 0,
      "py": 0,
      "yml": 0
    },
    "luyangkenneth": {
      "java": 0,
      "js": 51,
      "css": 16,
      "json": 1,
      "md": 81,
      "mbd": 0,
      "mbdf": 98,
      "njk": 0,
      "py": 0,
      "yml": 0
    },
    "amad-person": {
      "java": 0,
      "js": 535,
      "css": 504,
      "json": 48,
      "md": 55,
      "mbd": 0,
      "mbdf": 0,
      "njk": 0,
      "py": 0,
      "yml": 0
    }
  },
  "authorContributionVariance": {
    "Xenonym": 90977.39,
    "marvinchin": 9062.681,
    "sijie123": 2549.3901,
    "luyangkenneth": 12931.77,
    "amad-person": 9209.542
  },
  "authorDisplayNameMap": {
    "Xenonym": "ZHEN YONG",
    "marvinchin": "MARVIN",
    "sijie123": "SI JIE",
    "luyangkenneth": "KENNETH",
    "amad-person": "AADYAA"
  }
}
