{
  "authorDailyContributionsMap": {
    "Xenonym": [
      {
        "insertions": 3,
        "deletions": 1,
        "date": "2019-02-14",
        "commitResults": [
          {
            "hash": "749f5307b2b22cdacf112148b4b2031d4bd2032d",
            "message": "Indicate unused context in aws-nodejs-typescipt",
            "insertions": 1,
            "deletions": 1
          },
          {
            "hash": "998e8e5761be12c95e9a2093d063be6affe7380a",
            "message": "Add stack trace to error from AWS invokeLocal",
            "insertions": 2,
            "deletions": 0
          }
        ]
      },
      {
        "insertions": 10,
        "deletions": 8,
        "date": "2019-02-18",
        "commitResults": [
          {
            "hash": "63b2d617043dc509246f1e003093d175de623913",
            "message": "Fix service name in template install message",
            "insertions": 10,
            "deletions": 8
          }
        ]
      },
      {
        "insertions": 15,
        "deletions": 0,
        "date": "2019-03-28",
        "commitResults": [
          {
            "hash": "177a0ad07a23a10e7218c0bfa0078409f5c66831",
            "message": "Add error message when provider does not exist",
            "insertions": 15,
            "deletions": 0
          }
        ]
      }
    ]
  },
  "authorFinalContributionMap": {
    "Xenonym": 26
  },
  "authorFileFormatContributionMap": {
    "Xenonym": {
      "js": 25,
      "ts": 1
    }
  },
  "authorContributionVariance": {
    "Xenonym": 4.689819
  },
  "authorDisplayNameMap": {
    "Xenonym": "ZHEN YONG"
  }
}
