{
  "authorDailyContributionsMap": {
    "ongspxm": [
      {
        "insertions": 11,
        "deletions": 2,
        "date": "2019-03-08",
        "commitResults": [
          {
            "hash": "47c0081b8e436201b4fdbfb7bcab6c1332a5551a",
            "message": "err msg for qr code that are too long",
            "insertions": 9,
            "deletions": 2
          },
          {
            "hash": "8f250b3eb38e963baca77b1bd4894ea924a1404d",
            "message": "rethrowing error",
            "insertions": 2,
            "deletions": 0
          }
        ]
      },
      {
        "insertions": 12,
        "deletions": 5,
        "date": "2019-03-10",
        "commitResults": [
          {
            "hash": "6a5ec8cf4d69de79544216480d968e7e9e723f60",
            "message": "make kjua throw the same kind of error",
            "insertions": 7,
            "deletions": 2
          },
          {
            "hash": "26e25037d5bf12b7c922d0e03dc23f795113831c",
            "message": "shift err messags to localized form",
            "insertions": 2,
            "deletions": 1
          },
          {
            "hash": "99c99a173fef2e701a841b8d6a3ba50351006762",
            "message": "make error non dismissable",
            "insertions": 3,
            "deletions": 2
          }
        ]
      },
      {
        "insertions": 39,
        "deletions": 15,
        "date": "2019-03-11",
        "commitResults": [
          {
            "hash": "6afc6f159efb5b91163213ce1cdf7a8ebc90c8db",
            "message": "wip. adding err",
            "insertions": 23,
            "deletions": 2
          },
          {
            "hash": "2c85babe08a7b96bd4435a3155183680d1e7dc9f",
            "message": "using qrError",
            "insertions": 11,
            "deletions": 8
          },
          {
            "hash": "b18ce753388d16a0b525b8d244dbedb49344c622",
            "message": "indentation",
            "insertions": 5,
            "deletions": 5
          }
        ]
      },
      {
        "insertions": 19,
        "deletions": 3,
        "date": "2019-03-12",
        "commitResults": [
          {
            "hash": "d33af1a7ebfce55f283402ba203d2b1ca4dc2693",
            "message": "updated naming system",
            "insertions": 3,
            "deletions": 3
          },
          {
            "hash": "cdbfc6c0a0f412a78d7f0efaa6da6bf9e524e912",
            "message": "css style",
            "insertions": 16,
            "deletions": 0
          }
        ]
      },
      {
        "insertions": 591,
        "deletions": 577,
        "date": "2019-03-14",
        "commitResults": [
          {
            "hash": "4de4b1774d6ebd2e5139ce6ea5322b752fc0bc11",
            "message": "initial change to html elements",
            "insertions": 143,
            "deletions": 98
          },
          {
            "hash": "0d8d75a177713167980033c085c3794ac708823b",
            "message": "Update options.css",
            "insertions": 18,
            "deletions": 58
          },
          {
            "hash": "6e9868d8e76105fab7b4840080c08db628e06813",
            "message": "Update options.html",
            "insertions": 5,
            "deletions": 4
          },
          {
            "hash": "0e54e5b1391ff5f5ab9332f887ab7bd38b0f764d",
            "message": "Update options.css",
            "insertions": 15,
            "deletions": 1
          },
          {
            "hash": "cca6403be5495b7ec58290d7469cb0fb8774ea27",
            "message": "some updates",
            "insertions": 214,
            "deletions": 220
          },
          {
            "hash": "6b5a75d6caafaf70af2f4e04019f5d146989771f",
            "message": "indentation",
            "insertions": 196,
            "deletions": 196
          }
        ]
      },
      {
        "insertions": 11,
        "deletions": 10,
        "date": "2019-03-15",
        "commitResults": [
          {
            "hash": "017e6207be5bf8dba04319e08496439c5609720c",
            "message": "messages.json",
            "insertions": 5,
            "deletions": 5
          },
          {
            "hash": "55f003a0700f56317a8cf82cad19aa335e7b3f94",
            "message": "making it nice",
            "insertions": 6,
            "deletions": 5
          }
        ]
      },
      {
        "insertions": 161,
        "deletions": 157,
        "date": "2019-03-18",
        "commitResults": [
          {
            "hash": "3d6f2b4a293f4fb5b9babc9aa262991f17c6ce07",
            "message": "using ul li",
            "insertions": 51,
            "deletions": 43
          },
          {
            "hash": "210d612905f20d66a4c160ab55f6b8a03ab095ad",
            "message": "update msg hierachy",
            "insertions": 4,
            "deletions": 4
          },
          {
            "hash": "274470876285ef20638c7936567f3b56d9e9af3b",
            "message": "rm important",
            "insertions": 1,
            "deletions": 1
          },
          {
            "hash": "4a7c06e686d3ef59ba627e322f016f2d7b5db979",
            "message": "basic style changes",
            "insertions": 9,
            "deletions": 5
          },
          {
            "hash": "fab4d49d1b700814dec426ec9b46874c5a5dff37",
            "message": "update ul li \u0026 data-group",
            "insertions": 89,
            "deletions": 94
          },
          {
            "hash": "e1b537e31f644b3cab5cf14334d74fa2c8369c94",
            "message": "updated kjua lib",
            "insertions": 3,
            "deletions": 3
          },
          {
            "hash": "67513dcafd089630a9e085131a6343e09ef78171",
            "message": "eslint",
            "insertions": 4,
            "deletions": 7
          }
        ]
      },
      {
        "insertions": 69,
        "deletions": 67,
        "date": "2019-03-20",
        "commitResults": [
          {
            "hash": "0df9d0a3c0f4e98aff0656b81e0b0bd1eba2ab73",
            "message": "update error",
            "insertions": 4,
            "deletions": 3
          },
          {
            "hash": "fbe937dc6e8efa20da0354a9487e9da4ff7e6571",
            "message": "encapsulate h1 header in section",
            "insertions": 6,
            "deletions": 7
          },
          {
            "hash": "68ba2198bf190e3fca59a9853ed6b39d399ea4aa",
            "message": "fix spacings",
            "insertions": 9,
            "deletions": 5
          },
          {
            "hash": "7030a37f204078ca89497d148501f720337e7507",
            "message": "fix qrcode option type",
            "insertions": 1,
            "deletions": 1
          },
          {
            "hash": "95c87dc5f92551b4a1dcf7d09433567ce9bf9417",
            "message": "update code style",
            "insertions": 4,
            "deletions": 4
          },
          {
            "hash": "dbfad3d72f5897d877511f81db1240f78ac737dc",
            "message": "update settings",
            "insertions": 15,
            "deletions": 19
          },
          {
            "hash": "0257f67c28657c0321e15d237fd0b14699110d23",
            "message": "update sizeType",
            "insertions": 30,
            "deletions": 28
          }
        ]
      },
      {
        "insertions": 22,
        "deletions": 20,
        "date": "2019-03-21",
        "commitResults": [
          {
            "hash": "769ed750a571c0e1c1372bd8755b876cfc862e14",
            "message": "fix qrcodetype",
            "insertions": 22,
            "deletions": 20
          }
        ]
      },
      {
        "insertions": 1,
        "deletions": 1,
        "date": "2019-03-22",
        "commitResults": [
          {
            "hash": "1feb904a80305121e8204a511b6cd9ceee97aded",
            "message": "fix size option",
            "insertions": 1,
            "deletions": 1
          }
        ]
      },
      {
        "insertions": 5,
        "deletions": 5,
        "date": "2019-03-25",
        "commitResults": [
          {
            "hash": "94c3628e12c55efa8a6ac1bcb9fe402b1736b1f3",
            "message": "update title",
            "insertions": 1,
            "deletions": 2
          },
          {
            "hash": "e5193a967498dd85e35b4a840d9ccf6516d9a1bd",
            "message": "update spacing and margins",
            "insertions": 4,
            "deletions": 3
          }
        ]
      },
      {
        "insertions": 7,
        "deletions": 8,
        "date": "2019-03-28",
        "commitResults": [
          {
            "hash": "76eec807c6ca7f277724f58184fd334f5224fa0a",
            "message": "fix msg text and style",
            "insertions": 5,
            "deletions": 2
          },
          {
            "hash": "e3a658a62a5f580c600f7550dfe2b3e95f9408c3",
            "message": "fix font size",
            "insertions": 2,
            "deletions": 2
          },
          {
            "hash": "7ec5664c9fe9e6c6bd75d43d97f23e51f78a5338",
            "message": "undo pointer",
            "insertions": 0,
            "deletions": 4
          }
        ]
      },
      {
        "insertions": 11,
        "deletions": 6,
        "date": "2019-03-29",
        "commitResults": [
          {
            "hash": "c287e54817d5ea25a120c4c46a3c8db252cba49d",
            "message": "separators",
            "insertions": 10,
            "deletions": 2
          },
          {
            "hash": "886fb2cf8ee63055bd55a35a756f9b040e1b24f6",
            "message": "shrink gap",
            "insertions": 1,
            "deletions": 4
          }
        ]
      },
      {
        "insertions": 13,
        "deletions": 4,
        "date": "2019-04-01",
        "commitResults": [
          {
            "hash": "7be77a9dbd8da6619e7829265fd5026fa570a2b7",
            "message": "side spacing, fixes msg box padding as well, not really fix, should be removing the width instead",
            "insertions": 1,
            "deletions": 0
          },
          {
            "hash": "4de1571817c8aedb52e43e2264c6ec06025dfba3",
            "message": "actual fix for msg box",
            "insertions": 1,
            "deletions": 1
          },
          {
            "hash": "efe17036c9d7333c7fb37ca562bd4aeed8a434dd",
            "message": "extract color into var",
            "insertions": 6,
            "deletions": 2
          },
          {
            "hash": "ad730d295c73f2179fc385266ca5cebedb10b70c",
            "message": "use br for padding instead",
            "insertions": 1,
            "deletions": 1
          },
          {
            "hash": "08dc01c357c857aca52486823d53e753490754c4",
            "message": "padding for button",
            "insertions": 4,
            "deletions": 0
          }
        ]
      },
      {
        "insertions": 2,
        "deletions": 2,
        "date": "2019-04-02",
        "commitResults": [
          {
            "hash": "ba581e8afde9784c02764a8a258be756ae8a285f",
            "message": "Update src/options/options.css",
            "insertions": 1,
            "deletions": 1
          },
          {
            "hash": "1ddf9bc0c8a5d0dcbd3ea09df79c8a0151bac7fa",
            "message": "Update src/options/options.css",
            "insertions": 1,
            "deletions": 1
          }
        ]
      }
    ]
  },
  "authorFinalContributionMap": {
    "ongspxm": 195
  },
  "authorFileFormatContributionMap": {
    "ongspxm": {
      "html": 104,
      "css": 57,
      "js": 34
    }
  },
  "authorContributionVariance": {
    "ongspxm": 11892.881
  },
  "authorDisplayNameMap": {
    "ongspxm": "SHUPENG"
  }
}
