{
  "authorDailyContributionsMap": {
    "amrut-prabhu": [
      {
        "insertions": 1,
        "deletions": 1,
        "date": "2019-01-18",
        "commitResults": [
          {
            "hash": "ee180a63ff8664d364e780b930c195aa10848899",
            "message": "[#9336] development.md: Fix Firefox E2E setup misinformation (#9338)",
            "insertions": 1,
            "deletions": 1
          }
        ]
      },
      {
        "insertions": 1301,
        "deletions": 1297,
        "date": "2019-02-07",
        "commitResults": [
          {
            "hash": "b03ac67d935a459ed7f90aad1640f197beb29300",
            "message": "[#6519] Add more checkstyle rules (#9399)",
            "insertions": 1301,
            "deletions": 1297
          }
        ]
      },
      {
        "insertions": 92,
        "deletions": 108,
        "date": "2019-02-14",
        "commitResults": [
          {
            "hash": "a018a980b8b31f08b167752a448c750347bbabdd",
            "message": "[#7603] Use enum instead of string for gender field in StudentProfileAttributes and related classes (#9418)",
            "insertions": 92,
            "deletions": 108
          }
        ]
      },
      {
        "insertions": 47,
        "deletions": 13,
        "date": "2019-02-19",
        "commitResults": [
          {
            "hash": "4e844b65dfdd9af55462ca01278319a0c4426b66",
            "message": "[#9438] Use newly introduced Gender enum in frontend (#9440)",
            "insertions": 47,
            "deletions": 13
          }
        ]
      },
      {
        "insertions": 2,
        "deletions": 1,
        "date": "2019-02-21",
        "commitResults": [
          {
            "hash": "2b9e3c871722d136eaf9107a0cbcfe2bcde33b7f",
            "message": "[#9461] Focus state of nav bar item results in bad readability",
            "insertions": 2,
            "deletions": 1
          }
        ]
      },
      {
        "insertions": 473,
        "deletions": 3,
        "date": "2019-03-15",
        "commitResults": [
          {
            "hash": "26f951db619ed66701875011a6ea94f146881f8d",
            "message": "[#9412] Link Recovery: Provide a method for students to request submissions links to be resent (frontend) (#9447)",
            "insertions": 473,
            "deletions": 3
          }
        ]
      },
      {
        "insertions": 42,
        "deletions": 9,
        "date": "2019-03-29",
        "commitResults": [
          {
            "hash": "a4dc2fe45f519aec8194e00d6115a2882ef224a7",
            "message": "[#9459] Hamburger menu does not collapse (#9600)",
            "insertions": 42,
            "deletions": 9
          }
        ]
      },
      {
        "insertions": 865,
        "deletions": 462,
        "date": "2019-04-05",
        "commitResults": [
          {
            "hash": "9994e1ddeb2944a2073f26ae34edddf7d5fd60d8",
            "message": "[#9560] Add a Jmeter test plan to show the performance testing process (#9561)",
            "insertions": 865,
            "deletions": 462
          }
        ]
      }
    ],
    "monmanuela": [
      {
        "insertions": 17,
        "deletions": 0,
        "date": "2018-12-15",
        "commitResults": [
          {
            "hash": "ea2ef33186fee913c3551c1df591e0ee6c2cf043",
            "message": "[#9207] Sort school names for userMapData.json (#9269)",
            "insertions": 17,
            "deletions": 0
          }
        ]
      },
      {
        "insertions": 3,
        "deletions": 2,
        "date": "2019-01-27",
        "commitResults": [
          {
            "hash": "2bd32acc31083747d4fc3a243cfc475e1fd01f05",
            "message": "[#9369] Update script sort-usermap to remove duplicates in userMapData.json (#9370)",
            "insertions": 3,
            "deletions": 2
          }
        ]
      },
      {
        "insertions": 70,
        "deletions": 4,
        "date": "2019-01-31",
        "commitResults": [
          {
            "hash": "cf1aee7f07dc49d4e06b206605ce7cebfe672004",
            "message": "[#9373] Standardize footer design (#9385)",
            "insertions": 70,
            "deletions": 4
          }
        ]
      },
      {
        "insertions": 29,
        "deletions": 2,
        "date": "2019-02-10",
        "commitResults": [
          {
            "hash": "04910f0e5e0aab10ff1d5cfce796ebe5c6e6406e",
            "message": "[#9405] Show default picture as profile photo for student who is yet to join (#9414)",
            "insertions": 29,
            "deletions": 2
          }
        ]
      },
      {
        "insertions": 1453,
        "deletions": 2,
        "date": "2019-02-11",
        "commitResults": [
          {
            "hash": "3dcb88167952247411ed89c9dff30e122e3be121",
            "message": "[#9382] Migrate session and question section in instructor help page (#9397)",
            "insertions": 1150,
            "deletions": 2
          },
          {
            "hash": "4a6088c0a93562a729e5bbc8aeb01baab9aa5e9d",
            "message": "[#9382] Migrate instructor getting started page to Angular (#9398)",
            "insertions": 303,
            "deletions": 0
          }
        ]
      },
      {
        "insertions": 77,
        "deletions": 74,
        "date": "2019-02-21",
        "commitResults": [
          {
            "hash": "2ea3a1182f4f6c25a7c37ce113e9aa1820134094",
            "message": "[#9411] Use bootstrap button in instructor courses page (#9448)",
            "insertions": 77,
            "deletions": 74
          }
        ]
      },
      {
        "insertions": 32,
        "deletions": 21,
        "date": "2019-02-24",
        "commitResults": [
          {
            "hash": "83a956eb0ff049e709de078ad2af4da8178366be",
            "message": "[#9491] Fix link from getting started page to instructor help page (#9492)",
            "insertions": 32,
            "deletions": 21
          }
        ]
      },
      {
        "insertions": 1,
        "deletions": 2,
        "date": "2019-02-28",
        "commitResults": [
          {
            "hash": "5a50cd7f6315fefed4231afad11f860cb6e29d44",
            "message": "[#9516] Instructor Course: Fix restoring a deleted course functionality (#9518)",
            "insertions": 1,
            "deletions": 2
          }
        ]
      },
      {
        "insertions": 277,
        "deletions": 26,
        "date": "2019-03-04",
        "commitResults": [
          {
            "hash": "6fd936c904e84bd49122b5f1bee62619b864eeab",
            "message": "[#9356] Show loading spinner when fetching authentication details is ongoing (#9527)",
            "insertions": 96,
            "deletions": 7
          },
          {
            "hash": "c59ac431d23b0b1dd3f63258833a44fab1907960",
            "message": "[#9426] Show warning modal to alert users trying to permanently delete courses (#9497)",
            "insertions": 181,
            "deletions": 19
          }
        ]
      },
      {
        "insertions": 9,
        "deletions": 5,
        "date": "2019-03-06",
        "commitResults": [
          {
            "hash": "c75a06f54450e3a4afbe072aaad9cda35b229166",
            "message": "[#9542] Cannot load any public page (#9543)",
            "insertions": 9,
            "deletions": 5
          }
        ]
      },
      {
        "insertions": 243,
        "deletions": 13,
        "date": "2019-03-18",
        "commitResults": [
          {
            "hash": "b738b06a06415013f0b2f5c09e6e35c13010397d",
            "message": "[#9480] Add instructor home page snapshot tests (#9553)",
            "insertions": 243,
            "deletions": 13
          }
        ]
      },
      {
        "insertions": 93,
        "deletions": 17,
        "date": "2019-03-22",
        "commitResults": [
          {
            "hash": "9c97b9c3a753551177841a35cf8d43ad54ea7902",
            "message": "[#9480] Add instructor course details page snapshot tests (#9577)",
            "insertions": 93,
            "deletions": 17
          }
        ]
      },
      {
        "insertions": 182,
        "deletions": 60,
        "date": "2019-04-04",
        "commitResults": [
          {
            "hash": "93e2b4cc9fe8be0e89b6022032ded11ff8f63c5e",
            "message": "[#9346] Use snackbar to show status message (#9612)",
            "insertions": 150,
            "deletions": 57
          },
          {
            "hash": "bb70a3efcf2ddc5a8f4adfbe855d61ecb3a98bf3",
            "message": "Add default and student detail test case for instructor course student edit page (#9625)",
            "insertions": 32,
            "deletions": 3
          }
        ]
      }
    ],
    "rrtheonlyone": [
      {
        "insertions": 15,
        "deletions": 11,
        "date": "2019-01-02",
        "commitResults": [
          {
            "hash": "1b65e6749228648a8d0f8651cb052ce5e90fff41",
            "message": "[#9119] FeedbackResponseCommentsLogicTest: Fix verification for test (#9280)",
            "insertions": 15,
            "deletions": 11
          }
        ]
      },
      {
        "insertions": 467,
        "deletions": 4,
        "date": "2019-01-31",
        "commitResults": [
          {
            "hash": "f9c948dce3d36b823c3564ccb2bd6fc821136b8d",
            "message": "[#9382] Migrate first part of instructor help page to Angular (#9383)",
            "insertions": 467,
            "deletions": 4
          }
        ]
      },
      {
        "insertions": 61,
        "deletions": 16,
        "date": "2019-02-11",
        "commitResults": [
          {
            "hash": "6078d96e4ba1e3bfbbe6a5683cefeb45ebe0ecf6",
            "message": "[#9366] Tidy up UI design for some system messages (#9406)",
            "insertions": 61,
            "deletions": 16
          }
        ]
      },
      {
        "insertions": 107,
        "deletions": 73,
        "date": "2019-02-27",
        "commitResults": [
          {
            "hash": "e16f907349dfc13e70418f60ffb4923467ee54ee",
            "message": "[#9420] Consolidate Recycle Bin RESTFul API (#9489)",
            "insertions": 107,
            "deletions": 73
          }
        ]
      },
      {
        "insertions": 603,
        "deletions": 560,
        "date": "2019-02-28",
        "commitResults": [
          {
            "hash": "e5e97c4ddb5917dd065e363cd07cbeb36ca1dfc7",
            "message": "[#9420] Consolidate Instructor RESTFul API (#9443)",
            "insertions": 603,
            "deletions": 560
          }
        ]
      },
      {
        "insertions": 4,
        "deletions": 3,
        "date": "2019-03-04",
        "commitResults": [
          {
            "hash": "002f860f3b24dfb2158c2672aabeefdb82d4a8e4",
            "message": "[#9520] Update new instructor API endpoints on frontend (#9524)",
            "insertions": 4,
            "deletions": 3
          }
        ]
      },
      {
        "insertions": 332,
        "deletions": 40,
        "date": "2019-03-07",
        "commitResults": [
          {
            "hash": "a934bb15a26bc5d6a400c135e11f91ced329bd8d",
            "message": "[#9494] Consolidate GET /student RESTFul API (#9504)",
            "insertions": 332,
            "deletions": 40
          }
        ]
      },
      {
        "insertions": 338,
        "deletions": 221,
        "date": "2019-03-16",
        "commitResults": [
          {
            "hash": "20c76be964ca4b13b9ce7ea7ed11c840bedf0334",
            "message": "[#9420] Consolidate Student RESTFul API (#9488)",
            "insertions": 338,
            "deletions": 221
          }
        ]
      },
      {
        "insertions": 55,
        "deletions": 0,
        "date": "2019-03-31",
        "commitResults": [
          {
            "hash": "99a46ad50b41699e55aaa5c2a47431c98c758fa2",
            "message": "[#9480] Add snapshot test for instructor search page (#9581)",
            "insertions": 55,
            "deletions": 0
          }
        ]
      },
      {
        "insertions": 302,
        "deletions": 0,
        "date": "2019-04-07",
        "commitResults": [
          {
            "hash": "7e3fa932a0b9dd7647e258a4ddd8c4b75bf14cf5",
            "message": "[#9480] Add snapshot test for student list component (#9582)",
            "insertions": 302,
            "deletions": 0
          }
        ]
      }
    ],
    "RonakLakhotia": [
      {
        "insertions": 2,
        "deletions": 2,
        "date": "2019-01-22",
        "commitResults": [
          {
            "hash": "1c5524dd4675a365d8e5a869a68b86e36384ec00",
            "message": "[#9354] Fix path for userMapData.json in sort-usermap.js (#9355)",
            "insertions": 2,
            "deletions": 2
          }
        ]
      },
      {
        "insertions": 9,
        "deletions": 25,
        "date": "2019-01-27",
        "commitResults": [
          {
            "hash": "d70f8690606d0705619303fe2326ae8d36899216",
            "message": "[#8215] Java: Use Java 8 map.putIfAbsent and map.computeIfAbsent (#9347)",
            "insertions": 9,
            "deletions": 25
          }
        ]
      },
      {
        "insertions": 155,
        "deletions": 27,
        "date": "2019-01-31",
        "commitResults": [
          {
            "hash": "a76b89e2eb3c106dffac7782f2bed687f6111431",
            "message": "[#9367] Display hints/messages to users when they have no internet connection (#9379)",
            "insertions": 13,
            "deletions": 0
          },
          {
            "hash": "114d0b8b039d621d8ab7973ef7b376fc2cca70af",
            "message": "[#9136] Change getBackUpIdentifier messages to make them more meaningful (#9365)",
            "insertions": 142,
            "deletions": 27
          }
        ]
      },
      {
        "insertions": 282,
        "deletions": 29,
        "date": "2019-02-19",
        "commitResults": [
          {
            "hash": "b9a7e79b835afd19b99aa2e7e7c1300e03f75ce9",
            "message": "[#2515] Instructor: edit instructors: ensure at least one instructor is visible to students (#9402)",
            "insertions": 282,
            "deletions": 29
          }
        ]
      },
      {
        "insertions": 42,
        "deletions": 2,
        "date": "2019-02-24",
        "commitResults": [
          {
            "hash": "8cc2964d153084547156331ca00697d53ea176c1",
            "message": "[#9467] Add validation check for \"Not Sure\" criteria in Contribution question (#9487)",
            "insertions": 2,
            "deletions": 1
          },
          {
            "hash": "6af4fd5b414ae1fbc257c61b8c34c9042e8def8a",
            "message": "[#9417] Throw exception for negative integers of recommended length (#9457)",
            "insertions": 40,
            "deletions": 1
          }
        ]
      },
      {
        "insertions": 462,
        "deletions": 6,
        "date": "2019-03-05",
        "commitResults": [
          {
            "hash": "4a72e92da1c1de6f32ed2b8a2aa11fa32fd426a8",
            "message": "[#9382] Add support for numerical scale questions (#9528)",
            "insertions": 462,
            "deletions": 6
          }
        ]
      },
      {
        "insertions": 5,
        "deletions": 2,
        "date": "2019-03-24",
        "commitResults": [
          {
            "hash": "364dbc416984e27eabf5f209edfa7a0d4dc483dc",
            "message": "[#9467] Fix bug for isNotSure option in Contribution question (#9596)",
            "insertions": 5,
            "deletions": 2
          }
        ]
      },
      {
        "insertions": 654,
        "deletions": 33,
        "date": "2019-03-31",
        "commitResults": [
          {
            "hash": "3455dda7e4e2d854471b1664548f76f002bfd4b9",
            "message": "[#9382] Add support for MCQ type questions (#9544)",
            "insertions": 654,
            "deletions": 33
          }
        ]
      },
      {
        "insertions": 649,
        "deletions": 5,
        "date": "2019-04-08",
        "commitResults": [
          {
            "hash": "0d1e5d3f25d6424812db04babdc4f15390529915",
            "message": "[#9382] Add support for rank options question (#9650)",
            "insertions": 649,
            "deletions": 5
          }
        ]
      },
      {
        "insertions": 742,
        "deletions": 19,
        "date": "2019-04-09",
        "commitResults": [
          {
            "hash": "4cf91c0bda1ab9c2730540adda84b2c8292dbfd1",
            "message": "[#9382] Add support for Msq type questions (#9628)",
            "insertions": 742,
            "deletions": 19
          }
        ]
      }
    ],
    "junming403": [
      {
        "insertions": 149,
        "deletions": 55,
        "date": "2019-02-09",
        "commitResults": [
          {
            "hash": "1edff91d7c04b49b50d270081617d3b2f69b919a",
            "message": "[#9116] Push soft-delete logic to DB layer (#9376)",
            "insertions": 143,
            "deletions": 55
          },
          {
            "hash": "d830e316f39aafd4b321026e4d7001805e9edd75",
            "message": "[#9219] live server: NPE in feedbackResponseAdjustment when changing student data (#9403)",
            "insertions": 6,
            "deletions": 0
          }
        ]
      },
      {
        "insertions": 9,
        "deletions": 1,
        "date": "2019-02-22",
        "commitResults": [
          {
            "hash": "df87c34d9652d2c1f7fb77b10c45fc03b6656cb2",
            "message": "[#7285] Live Server: disallow team name to be valid email (#9471)",
            "insertions": 9,
            "deletions": 1
          }
        ]
      },
      {
        "insertions": 1344,
        "deletions": 505,
        "date": "2019-02-28",
        "commitResults": [
          {
            "hash": "dcf7debc2ad1f16c4766220c14f258622540ad35",
            "message": "[#9420] Consolidate account, student RESTFul API (#9436)",
            "insertions": 1344,
            "deletions": 505
          }
        ]
      },
      {
        "insertions": 620,
        "deletions": 65,
        "date": "2019-03-16",
        "commitResults": [
          {
            "hash": "7cced41c5920683330d35accdad24994cbde0781",
            "message": "[#9494] Consolidate Instructor privilege RESTFul API (#9506)",
            "insertions": 620,
            "deletions": 65
          }
        ]
      },
      {
        "insertions": 16,
        "deletions": 141,
        "date": "2019-03-26",
        "commitResults": [
          {
            "hash": "8a29bb625dbfbe91c5d0ef4e766d891e93c3b1a4",
            "message": "[#9595] Migrate DELETE /bin/course to RESTFul API",
            "insertions": 16,
            "deletions": 141
          }
        ]
      },
      {
        "insertions": 558,
        "deletions": 82,
        "date": "2019-04-04",
        "commitResults": [
          {
            "hash": "c9343487438b94a15c0837982b09e1d31c8b9595",
            "message": "[#9564] Consolidate GET feedbacksessions RESTFul API  (#9572)",
            "insertions": 558,
            "deletions": 82
          }
        ]
      },
      {
        "insertions": 763,
        "deletions": 7,
        "date": "2019-04-07",
        "commitResults": [
          {
            "hash": "e4b5514f9b15076e6d5f65e3eed18c1002c4c56b",
            "message": "[#9412] Link Recovery: Provide a method for students to request submissions links to be resent (#9413)",
            "insertions": 763,
            "deletions": 7
          }
        ]
      },
      {
        "insertions": 841,
        "deletions": 57,
        "date": "2019-04-09",
        "commitResults": [
          {
            "hash": "33c39886c96837dee486c223ee728d77a173dd20",
            "message": "[#9564] Consolidate RESTFul UpdateInstructorPrivilege API  (#9590)",
            "insertions": 841,
            "deletions": 57
          }
        ]
      }
    ],
    "AyushChatto": [
      {
        "insertions": 31,
        "deletions": 15,
        "date": "2018-12-18",
        "commitResults": [
          {
            "hash": "9dd1fbda75bc5c5aa3770badffefc2fd798b4590",
            "message": "[#9268] Remove isCourseVerified in CoursesLogic and add test for it (#9271)",
            "insertions": 31,
            "deletions": 15
          }
        ]
      },
      {
        "insertions": 11,
        "deletions": 4,
        "date": "2019-02-03",
        "commitResults": [
          {
            "hash": "ede259ee227df0eb6c6b48d4b1a59f065ff92c73",
            "message": "[#9382] Refactor chained boolean values into function (#9395)",
            "insertions": 11,
            "deletions": 4
          }
        ]
      },
      {
        "insertions": 579,
        "deletions": 1,
        "date": "2019-02-11",
        "commitResults": [
          {
            "hash": "1761b111d1b25b7d01326a098033589a57bf640a",
            "message": "[#9382] Migrate courses section of instructor help page to Angular (#9394)",
            "insertions": 579,
            "deletions": 1
          }
        ]
      },
      {
        "insertions": 111,
        "deletions": 38,
        "date": "2019-02-19",
        "commitResults": [
          {
            "hash": "0bf1f103b34392d6f805e127e76fa787ea260456",
            "message": "[#5616] Implement side nav to replace links on top for Instructor Help Page (#9428)",
            "insertions": 111,
            "deletions": 38
          }
        ]
      },
      {
        "insertions": 111,
        "deletions": 4,
        "date": "2019-03-02",
        "commitResults": [
          {
            "hash": "2429ab644d751ff8e2fc310cd6dc854f40992868",
            "message": "[#9480] Add student home page snapshot tests (#9496)",
            "insertions": 111,
            "deletions": 4
          }
        ]
      },
      {
        "insertions": 69,
        "deletions": 1,
        "date": "2019-03-20",
        "commitResults": [
          {
            "hash": "342bb7c872d3da735f8f20e6ae596dee058a0d95",
            "message": "[#9480] Add Snapshot tests for Student profile page (#9571)",
            "insertions": 69,
            "deletions": 1
          }
        ]
      },
      {
        "insertions": 54,
        "deletions": 0,
        "date": "2019-03-24",
        "commitResults": [
          {
            "hash": "ab11b315276738549c92beafdc54a586b813232b",
            "message": "[#9480] Add student course details snapshot tests (#9586)",
            "insertions": 54,
            "deletions": 0
          }
        ]
      },
      {
        "insertions": 96,
        "deletions": 4,
        "date": "2019-04-04",
        "commitResults": [
          {
            "hash": "617efa015ed7e602cf9c2e2f998d350fb575d33d",
            "message": "[#9480] Add instructor courses snapshot (#9627)",
            "insertions": 96,
            "deletions": 4
          }
        ]
      }
    ],
    "tanhengyeow": [
      {
        "insertions": 4,
        "deletions": 2,
        "date": "2018-12-19",
        "commitResults": [
          {
            "hash": "7b80803426283868e310b5eb71be90f6788d4855",
            "message": "[#9272] Upgrade Handsontable to newer version (#9274)",
            "insertions": 4,
            "deletions": 2
          }
        ]
      },
      {
        "insertions": 831,
        "deletions": 813,
        "date": "2019-01-14",
        "commitResults": [
          {
            "hash": "8f350f3e8e7a3b65d3a543c60e76b5dae597ca37",
            "message": "[#9255] Migrate Instructor Course Student Details Edit page to Angular (#9301)",
            "insertions": 831,
            "deletions": 813
          }
        ]
      },
      {
        "insertions": 1250,
        "deletions": 26,
        "date": "2019-01-19",
        "commitResults": [
          {
            "hash": "ba91074b70129892364b3a6df8e0b3c15c75eae5",
            "message": "[#9255] Migrate Instructor Course Enroll page to Angular (Part 1) (#9329)",
            "insertions": 1250,
            "deletions": 26
          }
        ]
      },
      {
        "insertions": 346,
        "deletions": 14,
        "date": "2019-01-21",
        "commitResults": [
          {
            "hash": "f1246060d9d0d9de64a0ebb1ded01e3b8c151a04",
            "message": "[#9255] Migrate remaining features of Instructor Course Enroll page to Angular (#9340)",
            "insertions": 346,
            "deletions": 14
          }
        ]
      },
      {
        "insertions": 904,
        "deletions": 448,
        "date": "2019-01-27",
        "commitResults": [
          {
            "hash": "3d6986b64db292a3138d29eaa7382cdb3254e9ab",
            "message": "[#9255] Migrate part of Student Profile Page to Angular (#9372)",
            "insertions": 904,
            "deletions": 448
          }
        ]
      },
      {
        "insertions": 3,
        "deletions": 1,
        "date": "2019-02-16",
        "commitResults": [
          {
            "hash": "1bb0373cd6c49647de2edf6088c37b2ca7affaa9",
            "message": "[#9382] Fix logic bug when there are no existing students in course (#9450)",
            "insertions": 3,
            "deletions": 1
          }
        ]
      },
      {
        "insertions": 1,
        "deletions": 1,
        "date": "2019-02-21",
        "commitResults": [
          {
            "hash": "1ac836dae78ccbc4d1e76924d08511a7ddbdd1b6",
            "message": "[#9449] Instructor Course Page: Tooltip in table \u0027Archived Courses\u0027 resulted in abnormal behaviour (#9468)",
            "insertions": 1,
            "deletions": 1
          }
        ]
      },
      {
        "insertions": 961,
        "deletions": 1103,
        "date": "2019-02-25",
        "commitResults": [
          {
            "hash": "6c3ff7975877ecbd446f03fb1194f452d33c97c6",
            "message": "[#9382] Implement profile picture features for Student Profile Page (#9408)",
            "insertions": 944,
            "deletions": 1097
          },
          {
            "hash": "0f7d9961c4e9546db1250d990c73b190f50b8e67",
            "message": "[#9451] Instructor Home Page: Multiple dropdown menus stay expanded if clicked consecutively (#9469)",
            "insertions": 17,
            "deletions": 6
          }
        ]
      },
      {
        "insertions": 104,
        "deletions": 5,
        "date": "2019-04-08",
        "commitResults": [
          {
            "hash": "73875c4e85674399b7bba243e7b78d0d81231ed7",
            "message": "[#9419] Add form validation for Instructor Course Student Edit Page (#9633)",
            "insertions": 104,
            "deletions": 5
          }
        ]
      }
    ],
    "ChooJeremy": [
      {
        "insertions": 16,
        "deletions": 15,
        "date": "2019-01-29",
        "commitResults": [
          {
            "hash": "1ba05cc2d048f053fc9e1a27e1ee38205a67e6ad",
            "message": "[#8779] AccountAttributes: Remove HTML sanitization before saving for googleId, name, institute  (#9368)",
            "insertions": 16,
            "deletions": 15
          }
        ]
      },
      {
        "insertions": 1,
        "deletions": 1,
        "date": "2019-02-02",
        "commitResults": [
          {
            "hash": "b93dab253761c264797158be2779cb84041da51b",
            "message": "[#9390] Cannot create an instructor with an email that has a 2 letter domain (#9401)",
            "insertions": 1,
            "deletions": 1
          }
        ]
      },
      {
        "insertions": 79,
        "deletions": 9,
        "date": "2019-02-17",
        "commitResults": [
          {
            "hash": "05be9b6c9fa21be9966aeab76af7c51dff6de533",
            "message": "[#7787] InstructorAttributes: remove HTML sanitization before saving for name (#9400)",
            "insertions": 79,
            "deletions": 9
          }
        ]
      },
      {
        "insertions": 304,
        "deletions": 188,
        "date": "2019-02-25",
        "commitResults": [
          {
            "hash": "e9468723f93da2d73c2761e4e7cd6075df4710f6",
            "message": "[#9420] Consolidate Sessions RESTFul API (#9453)",
            "insertions": 304,
            "deletions": 188
          }
        ]
      },
      {
        "insertions": 211,
        "deletions": 428,
        "date": "2019-02-27",
        "commitResults": [
          {
            "hash": "91b874fa04f94ceb725f7a3375337132e1d5f5f3",
            "message": "[#9420] Consolidate Join RESTFul API (#9485)",
            "insertions": 211,
            "deletions": 428
          }
        ]
      },
      {
        "insertions": 900,
        "deletions": 651,
        "date": "2019-03-07",
        "commitResults": [
          {
            "hash": "dcab44baf0efee1c951bd6be1afc5ab956526f9d",
            "message": "[#9420] Consolidate Course RESTFul API (#9437)",
            "insertions": 900,
            "deletions": 651
          }
        ]
      },
      {
        "insertions": 317,
        "deletions": 270,
        "date": "2019-03-16",
        "commitResults": [
          {
            "hash": "38c38957fa447565959558fad6fafd041cf92b37",
            "message": "[#9494] Consolidate DELETE instructor RESTFul API (#9539)",
            "insertions": 317,
            "deletions": 270
          }
        ]
      },
      {
        "insertions": 149,
        "deletions": 41,
        "date": "2019-03-21",
        "commitResults": [
          {
            "hash": "dad85f36b2ad34a1527d638916af5758677769c5",
            "message": "[#9494] Consolidate GET course RESTFul API (#9512)",
            "insertions": 149,
            "deletions": 41
          }
        ]
      },
      {
        "insertions": 388,
        "deletions": 192,
        "date": "2019-04-04",
        "commitResults": [
          {
            "hash": "3314c49d8145df8cf4ece84b31c23d65e9ba059a",
            "message": "[#9564] Consolidate GET hasResponses RESTFul API (#9567)",
            "insertions": 373,
            "deletions": 187
          },
          {
            "hash": "aaa7c12139ea0ab84c70793df2a8141581236c30",
            "message": "[#9639] Admin is unable to reset Student Google ID (#9640)",
            "insertions": 15,
            "deletions": 5
          }
        ]
      }
    ],
    "Adoby7": [
      {
        "insertions": 2,
        "deletions": 2,
        "date": "2019-01-25",
        "commitResults": [
          {
            "hash": "e7db0514d1743f72a2a4abaae05ef8ef630e325f",
            "message": "[#9311] ide-setup.md: improve IntelliJ indentation guideline (#9364)",
            "insertions": 2,
            "deletions": 2
          }
        ]
      },
      {
        "insertions": 149,
        "deletions": 66,
        "date": "2019-02-09",
        "commitResults": [
          {
            "hash": "5bc72dacf3174120be8d005977b9973e3083b62e",
            "message": "[#9362] Replace responseMetaData with responseDetails in FeedbackResponseAttributes (#9380)",
            "insertions": 149,
            "deletions": 66
          }
        ]
      },
      {
        "insertions": 20,
        "deletions": 38,
        "date": "2019-02-10",
        "commitResults": [
          {
            "hash": "b9c32603ecb0c4195908a7c0d893af38ad81c0dd",
            "message": "[#9407] Remove feedbackQuestionType in FeedbackResponseAttributes (#9415)",
            "insertions": 20,
            "deletions": 38
          }
        ]
      },
      {
        "insertions": 88,
        "deletions": 43,
        "date": "2019-02-16",
        "commitResults": [
          {
            "hash": "d618893ec429509a3455c55bbc41a74f4e42573a",
            "message": "[#9420] Consolidate FeedbackSessionStats RESTFul API (#9445)",
            "insertions": 35,
            "deletions": 42
          },
          {
            "hash": "e37958b8ca86d28c6c669df41f1129e2f72a2e9e",
            "message": "[#9439] Fix submission button not working caused by serializing FeedbackQuestionAttributes (#9441)",
            "insertions": 53,
            "deletions": 1
          }
        ]
      },
      {
        "insertions": 40,
        "deletions": 5,
        "date": "2019-02-19",
        "commitResults": [
          {
            "hash": "0640c17080d1abe2cf887dc06f4242ea0fa625ea",
            "message": "[#9456] Fix editing question when option filed is empty (#9464)",
            "insertions": 40,
            "deletions": 5
          }
        ]
      },
      {
        "insertions": 319,
        "deletions": 63,
        "date": "2019-02-20",
        "commitResults": [
          {
            "hash": "a5cf9d295d86875e473786dbb8038587e29556ac",
            "message": "[#9420] Consolidate FeedbackQuestionRecipients RESTFul API (#9446)",
            "insertions": 319,
            "deletions": 63
          }
        ]
      },
      {
        "insertions": 287,
        "deletions": 134,
        "date": "2019-02-22",
        "commitResults": [
          {
            "hash": "0c7fa8c40f453edeed13cd52ba103a05796f789b",
            "message": "[#9363] Replace questionMetaData with questionDetails in FeedbackQuestionAttributes (#9410)",
            "insertions": 287,
            "deletions": 134
          }
        ]
      },
      {
        "insertions": 8,
        "deletions": 108,
        "date": "2019-02-25",
        "commitResults": [
          {
            "hash": "f7c1e34e05d7f853e4d87450e6ec7b7fdf349e64",
            "message": "[#9424] Remove feedbackQuestionType in FeedbackQuestionAttributes (#9484)",
            "insertions": 8,
            "deletions": 108
          }
        ]
      },
      {
        "insertions": 276,
        "deletions": 42,
        "date": "2019-03-10",
        "commitResults": [
          {
            "hash": "da079783605f64265d6ba9324e79768ad613a844",
            "message": "[#9494] Consolidate Courses RESTFul API (#9513)",
            "insertions": 276,
            "deletions": 42
          }
        ]
      },
      {
        "insertions": 12,
        "deletions": 166,
        "date": "2019-03-27",
        "commitResults": [
          {
            "hash": "b67439c5850317c88fb2ba800e8419d5135f1c4c",
            "message": "[#9595] Migrate DELETE /instructor/courses/permanentlyDeleteAll to RESTFul API (#9601)",
            "insertions": 12,
            "deletions": 166
          }
        ]
      },
      {
        "insertions": 258,
        "deletions": 244,
        "date": "2019-03-29",
        "commitResults": [
          {
            "hash": "cae3654de3bcc304b15c4b5f6638efc58f96943d",
            "message": "[#9564] Standardize the naming convention of request DTO (#9618)",
            "insertions": 258,
            "deletions": 244
          }
        ]
      },
      {
        "insertions": 353,
        "deletions": 123,
        "date": "2019-04-07",
        "commitResults": [
          {
            "hash": "6300b2f86be91651b781f830a054e21f942650dd",
            "message": "[#9564] Consolidate GET Student Profile RESTFul API (#9580)",
            "insertions": 353,
            "deletions": 123
          }
        ]
      }
    ],
    "jacoblipech": [
      {
        "insertions": 2862,
        "deletions": 566,
        "date": "2019-01-13",
        "commitResults": [
          {
            "hash": "4bd19a52753c5f6f109fdd04a80e8c57636b4056",
            "message": "[#8002] InstructorFeedbackResultsPage: add section displaying options for instructors (#8940)",
            "insertions": 2862,
            "deletions": 566
          }
        ]
      },
      {
        "insertions": 164,
        "deletions": 164,
        "date": "2019-01-14",
        "commitResults": [
          {
            "hash": "4e681e06f95e0c19036d76c00b185e46fa5187f9",
            "message": "[#8505] Student and Instructor View: Incomplete display of messages in various areas (#8995)",
            "insertions": 164,
            "deletions": 164
          }
        ]
      },
      {
        "insertions": 1248,
        "deletions": 834,
        "date": "2019-01-25",
        "commitResults": [
          {
            "hash": "1f670f9cd272af1d8ef58544b5f380ac59f4de24",
            "message": "[#9255] Migrate Instructor Course Details Page to Angular (#9333)",
            "insertions": 1248,
            "deletions": 834
          }
        ]
      },
      {
        "insertions": 611,
        "deletions": 489,
        "date": "2019-01-27",
        "commitResults": [
          {
            "hash": "13120b1cc973926fb5bb161c8ef64268986efe10",
            "message": "[#9255] Migrate part of Instructor Home Page to Angular (#9375)",
            "insertions": 611,
            "deletions": 489
          }
        ]
      },
      {
        "insertions": 1055,
        "deletions": 452,
        "date": "2019-02-15",
        "commitResults": [
          {
            "hash": "7745139818e9ef2c79a11dce8e2be15bf607160b",
            "message": "[#9382] Migrate remaining of instructor home page/feedback sessions page remind and resend functionals (#9422)",
            "insertions": 1055,
            "deletions": 452
          }
        ]
      },
      {
        "insertions": 61,
        "deletions": 27,
        "date": "2019-03-04",
        "commitResults": [
          {
            "hash": "4bebcf22f72eed73e59c0feee64940e236e82bdb",
            "message": "[#9433] Instructor home page: fix sorting by creation date (#9435)",
            "insertions": 61,
            "deletions": 27
          }
        ]
      },
      {
        "insertions": 2067,
        "deletions": 3367,
        "date": "2019-03-06",
        "commitResults": [
          {
            "hash": "061f8456b51553e16b905811d2ecc7531c9a3140",
            "message": "[#9536] Student home E2E test migration (#9503)",
            "insertions": 2067,
            "deletions": 3367
          }
        ]
      },
      {
        "insertions": 345,
        "deletions": 3522,
        "date": "2019-03-18",
        "commitResults": [
          {
            "hash": "9542ad8a72ff20e4899691c8a2a84638d2aad989",
            "message": "[#9536] Student profile page e2e test migration (#9569)",
            "insertions": 345,
            "deletions": 3522
          }
        ]
      },
      {
        "insertions": 88,
        "deletions": 510,
        "date": "2019-03-24",
        "commitResults": [
          {
            "hash": "a1c211858ec1211de7e6bddef26343daee567e4a",
            "message": "[#9536] Student course details page e2e test migration (#9579)",
            "insertions": 88,
            "deletions": 510
          }
        ]
      }
    ]
  },
  "authorFinalContributionMap": {
    "amrut-prabhu": 2254,
    "monmanuela": 2372,
    "rrtheonlyone": 2204,
    "RonakLakhotia": 2673,
    "junming403": 4126,
    "AyushChatto": 1043,
    "tanhengyeow": 3578,
    "ChooJeremy": 2240,
    "Adoby7": 1692,
    "jacoblipech": 7082
  },
  "authorFileFormatContributionMap": {
    "amrut-prabhu": {
      "java": 1878,
      "js": 0,
      "scss": 9,
      "md": 75,
      "py": 0,
      "tag": 0,
      "html": 45,
      "ts": 247
    },
    "monmanuela": {
      "java": 70,
      "js": 16,
      "scss": 60,
      "md": 0,
      "py": 0,
      "tag": 0,
      "html": 1373,
      "ts": 853
    },
    "rrtheonlyone": {
      "java": 1323,
      "js": 0,
      "scss": 0,
      "md": 0,
      "py": 0,
      "tag": 0,
      "html": 288,
      "ts": 593
    },
    "RonakLakhotia": {
      "java": 466,
      "js": 2,
      "scss": 93,
      "md": 0,
      "py": 0,
      "tag": 0,
      "html": 419,
      "ts": 1693
    },
    "junming403": {
      "java": 3619,
      "js": 0,
      "scss": 0,
      "md": 0,
      "py": 0,
      "tag": 0,
      "html": 219,
      "ts": 288
    },
    "AyushChatto": {
      "java": 30,
      "js": 0,
      "scss": 9,
      "md": 0,
      "py": 0,
      "tag": 0,
      "html": 568,
      "ts": 436
    },
    "tanhengyeow": {
      "java": 1731,
      "js": 0,
      "scss": 218,
      "md": 0,
      "py": 0,
      "tag": 0,
      "html": 664,
      "ts": 965
    },
    "ChooJeremy": {
      "java": 1928,
      "js": 0,
      "scss": 0,
      "md": 0,
      "py": 0,
      "tag": 0,
      "html": 8,
      "ts": 304
    },
    "Adoby7": {
      "java": 1620,
      "js": 0,
      "scss": 0,
      "md": 2,
      "py": 0,
      "tag": 0,
      "html": 0,
      "ts": 70
    },
    "jacoblipech": {
      "java": 3393,
      "js": 76,
      "scss": 45,
      "md": 0,
      "py": 0,
      "tag": 40,
      "html": 2662,
      "ts": 866
    }
  },
  "authorContributionVariance": {
    "amrut-prabhu": 66247.43,
    "monmanuela": 17853.357,
    "rrtheonlyone": 15993.831,
    "RonakLakhotia": 13495.447,
    "junming403": 42725.027,
    "AyushChatto": 2939.837,
    "tanhengyeow": 78484.55,
    "ChooJeremy": 28066.492,
    "Adoby7": 7342.2656,
    "jacoblipech": 476219.78
  },
  "authorDisplayNameMap": {
    "amrut-prabhu": "AMRUT",
    "monmanuela": "MONIKA",
    "rrtheonlyone": "RAHUL",
    "RonakLakhotia": "RONAK",
    "junming403": "JUNMING",
    "AyushChatto": "AYUSH",
    "tanhengyeow": "Heng Yeow",
    "ChooJeremy": "JEREMY",
    "Adoby7": "CHUNHUI",
    "jacoblipech": "JACOB"
  }
}
